Country;Response_measure;date_start;date_end
Austria;AdaptationOfWorkplace;16/03/20;13/04/20
Austria;AdaptationOfWorkplace;01/04/21;NA
Austria;BanOnAllEvents;03/11/20;NA
Austria;ClosDaycare;16/03/20;04/05/20
Austria;ClosDaycarePartial;17/11/20;07/12/20
Austria;ClosHigh;16/03/20;30/09/20
Austria;ClosHighPartial;03/11/20;NA
Austria;ClosPrim;16/03/20;18/05/20
Austria;ClosPrim;26/12/20;07/02/21
Austria;ClosPrimPartial;17/11/20;07/12/20
Austria;ClosPubAny;16/03/20;13/04/20
Austria;ClosPubAny;02/05/20;14/05/20
Austria;ClosPubAny;16/11/20;06/12/20
Austria;ClosPubAny;28/12/20;06/02/21
Austria;ClosPubAnyPartial;14/04/20;01/05/20
Austria;ClosPubAnyPartial;15/05/20;15/11/20
Austria;ClosPubAnyPartial;07/12/20;27/12/20
Austria;ClosPubAnyPartial;07/02/21;NA
Austria;ClosSec;16/03/20;03/05/20
Austria;ClosSec;03/11/20;07/02/21
Austria;ClosSecPartial;04/05/20;03/06/20
Austria;ClosSecPartial;08/02/21;NA
Austria;EntertainmentVenues;16/03/20;30/04/20
Austria;EntertainmentVenues;03/11/20;07/02/21
Austria;EntertainmentVenuesPartial;08/02/21;NA
Austria;GymsSportsCentres;03/11/20;NA
Austria;HotelsOtherAccommodation;31/03/20;29/05/20
Austria;HotelsOtherAccommodation;03/11/20;NA
Austria;IndoorOver100;10/03/20;01/07/20
Austria;IndoorOver1000;02/07/20;31/07/20
Austria;IndoorOver1000;21/09/20;02/11/20
Austria;MasksMandatoryAllSpaces;14/09/20;NA
Austria;MasksMandatoryClosedSpaces;06/04/20;14/06/20
Austria;MasksMandatoryClosedSpacesPartial;15/06/20;13/09/20
Austria;MasksVoluntaryClosedSpacesPartial;31/03/20;05/04/20
Austria;MassGather50;30/04/20;29/05/20
Austria;MassGather50;03/11/20;NA
Austria;MassGatherAll;10/03/20;31/07/20
Austria;MassGatherAll;21/09/20;NA
Austria;NonEssentialShops;16/03/20;13/04/20
Austria;NonEssentialShops;17/11/20;06/12/20
Austria;NonEssentialShops;26/12/20;07/02/21
Austria;NonEssentialShopsPartial;14/04/20;01/05/20
Austria;NonEssentialShopsPartial;08/02/21;NA
Austria;OutdoorOver1000;02/07/20;31/07/20
Austria;OutdoorOver1000;21/09/20;02/11/20
Austria;OutdoorOver50;30/04/20;29/05/20
Austria;OutdoorOver500;10/03/20;29/04/20
Austria;OutdoorOver500;30/05/20;01/07/20
Austria;PlaceOfWorship;16/03/20;14/05/20
Austria;PlaceOfWorship;16/11/20;06/12/20
Austria;PlaceOfWorship;28/12/20;06/02/21
Austria;PlaceOfWorshipPartial;15/05/20;15/11/20
Austria;PlaceOfWorshipPartial;07/12/20;27/12/20
Austria;PlaceOfWorshipPartial;07/02/21;NA
Austria;PrivateGatheringRestrictions;16/03/20;30/04/20
Austria;PrivateGatheringRestrictions;23/10/20;16/11/20
Austria;RegionalStayHomeOrder;01/04/21;NA
Austria;RestaurantsCafes;16/03/20;15/05/20
Austria;RestaurantsCafes;03/11/20;NA
Austria;SocialCircle;17/11/20;NA
Austria;StayHomeGen;10/03/20;15/03/20
Austria;StayHomeOrder;16/03/20;30/04/20
Austria;StayHomeOrder;17/11/20;07/02/21
Austria;StayHomeOrderPartial;03/11/20;16/11/20
Austria;StayHomeOrderPartial;08/02/21;NA
Austria;Teleworking;10/03/20;NA
Belgium;BanOnAllEvents;02/11/20;07/03/21
Belgium;ClosDaycare;01/05/20;02/06/20
Belgium;ClosDaycare;12/11/20;15/11/20
Belgium;ClosHigh;13/03/20;20/09/20
Belgium;ClosHighPartial;21/09/20;NA
Belgium;ClosPrim;13/03/20;17/05/20
Belgium;ClosPrim;12/11/20;16/11/20
Belgium;ClosPrim;29/03/21;NA
Belgium;ClosPrimPartial;18/05/20;08/06/20
Belgium;ClosPubAny;13/03/20;03/05/20
Belgium;ClosPubAnyPartial;04/05/20;NA
Belgium;ClosSec;13/03/20;17/05/20
Belgium;ClosSec;12/11/20;15/11/20
Belgium;ClosSec;29/03/21;NA
Belgium;ClosSecPartial;18/05/20;28/08/20
Belgium;EntertainmentVenues;13/03/20;17/05/20
Belgium;EntertainmentVenues;02/11/20;NA
Belgium;EntertainmentVenuesPartial;18/05/20;01/11/20
Belgium;GymsSportsCentres;13/03/20;03/05/20
Belgium;GymsSportsCentresPartial;04/05/20;01/07/20
Belgium;GymsSportsCentresPartial;02/11/20;NA
Belgium;IndoorOver1000;10/03/20;17/03/20
Belgium;IndoorOver500;01/07/20;01/11/20
Belgium;MasksMandatoryAllSpaces;11/07/20;30/09/20
Belgium;MasksMandatoryAllSpacesPartial;01/10/20;NA
Belgium;MasksMandatoryClosedSpaces;04/05/20;NA
Belgium;MasksVoluntaryAllSpaces;04/05/20;10/07/20
Belgium;MassGather50;02/11/20;07/03/21
Belgium;MassGatherAll;10/03/20;17/03/20
Belgium;MassGatherAll;01/07/20;18/10/20
Belgium;MassGatherAll;02/11/20;07/03/21
Belgium;MassGatherAllPartial;19/10/20;01/11/20
Belgium;NonEssentialShops;13/03/20;03/05/20
Belgium;NonEssentialShops;02/11/20;30/11/20
Belgium;NonEssentialShopsPartial;04/05/20;02/06/20
Belgium;NonEssentialShopsPartial;19/10/20;01/11/20
Belgium;NonEssentialShopsPartial;01/12/20;NA
Belgium;OutdoorOver500;01/07/20;01/11/20
Belgium;PlaceOfWorship;13/03/20;07/06/20
Belgium;PlaceOfWorshipPartial;08/06/20;05/10/20
Belgium;PlaceOfWorshipPartial;21/02/21;NA
Belgium;PrivateGatheringRestrictions;18/03/20;30/06/20
Belgium;PrivateGatheringRestrictions;06/10/20;07/03/21
Belgium;PrivateGatheringRestrictions;20/03/21;NA
Belgium;PrivateGatheringRestrictionsPartial;08/03/21;19/03/21
Belgium;RestaurantsCafes;13/03/20;07/06/20
Belgium;RestaurantsCafes;19/10/20;NA
Belgium;RestaurantsCafesPartial;08/06/20;18/10/20
Belgium;SocialCircle;18/03/20;NA
Belgium;StayHomeGenPartial;10/05/20;31/08/20
Belgium;StayHomeOrder;18/03/20;09/05/20
Belgium;StayHomeOrderPartial;16/10/20;NA
Belgium;Teleworking;10/03/20;07/06/20
Belgium;Teleworking;19/10/20;NA
Belgium;TeleworkingPartial;08/06/20;18/10/20
Bulgaria;AdaptationOfWorkplace;01/10/20;NA
Bulgaria;BanOnAllEvents;08/03/20;14/05/20
Bulgaria;BanOnAllEventsPartial;15/05/20;30/06/20
Bulgaria;ClosDaycare;13/03/20;21/05/20
Bulgaria;ClosDaycare;27/11/20;03/01/21
Bulgaria;ClosDaycare;22/03/21;31/03/21
Bulgaria;ClosDaycarePartial;22/05/20;14/06/20
Bulgaria;ClosHigh;13/03/20;31/05/20
Bulgaria;ClosHighPartial;01/06/20;NA
Bulgaria;ClosPrim;13/03/20;14/09/20
Bulgaria;ClosPrim;27/11/20;03/01/21
Bulgaria;ClosPrim;22/03/21;31/03/21
Bulgaria;ClosPubAny;13/03/20;17/05/20
Bulgaria;ClosPubAnyPartial;18/05/20;14/06/20
Bulgaria;ClosPubAnyPartial;29/10/20;NA
Bulgaria;ClosSec;13/03/20;14/09/20
Bulgaria;ClosSec;01/12/20;03/02/21
Bulgaria;ClosSec;22/03/21;31/03/21
Bulgaria;ClosSecPartial;29/10/20;30/11/20
Bulgaria;ClosSecPartial;04/02/21;17/03/21
Bulgaria;EntertainmentVenues;13/03/20;17/05/20
Bulgaria;EntertainmentVenuesPartial;14/11/20;NA
Bulgaria;GymsSportsCentres;13/03/20;17/05/20
Bulgaria;GymsSportsCentresPartial;18/05/20;14/06/20
Bulgaria;GymsSportsCentresPartial;27/11/20;NA
Bulgaria;MasksMandatoryAllSpaces;30/03/20;31/03/20
Bulgaria;MasksMandatoryAllSpaces;12/04/20;30/04/20
Bulgaria;MasksMandatoryAllSpaces;22/03/21;31/03/21
Bulgaria;MasksMandatoryClosedSpaces;01/05/20;NA
Bulgaria;MassGather50;08/03/20;14/05/20
Bulgaria;MassGather50Partial;15/05/20;30/06/20
Bulgaria;MassGatherAll;08/03/20;12/03/20
Bulgaria;MassGatherAllPartial;13/03/20;30/06/20
Bulgaria;NonEssentialShops;13/03/20;17/05/20
Bulgaria;NonEssentialShops;27/11/20;31/01/21
Bulgaria;NonEssentialShops;22/03/21;31/03/21
Bulgaria;PrivateGatheringRestrictions;08/03/20;30/06/20
Bulgaria;PrivateGatheringRestrictions;27/11/20;NA
Bulgaria;RestaurantsCafes;13/03/20;31/05/20
Bulgaria;RestaurantsCafes;01/12/20;28/02/21
Bulgaria;RestaurantsCafesPartial;29/10/20;30/11/20
Bulgaria;RestaurantsCafesPartial;01/03/21;NA
Bulgaria;Teleworking;13/03/20;29/03/20
Bulgaria;Teleworking;14/11/20;26/11/20
Bulgaria;TeleworkingPartial;27/11/20;NA
Croatia;AdaptationOfWorkplacePartial;28/11/20;NA
Croatia;BanOnAllEvents;19/03/20;18/04/20
Croatia;ClosDaycare;16/03/20;11/05/20
Croatia;ClosHigh;16/03/20;29/03/20
Croatia;ClosPrim;16/03/20;10/05/20
Croatia;ClosPrimPartial;11/05/20;25/05/20
Croatia;ClosPubAny;19/03/20;28/05/20
Croatia;ClosPubAnyPartial;14/08/20;22/09/20
Croatia;ClosPubAnyPartial;28/11/20;NA
Croatia;ClosSec;16/03/20;29/03/20
Croatia;ClosureOfPublicTransport;22/03/20;27/04/20
Croatia;ClosureOfPublicTransportPartial;28/11/20;NA
Croatia;EntertainmentVenues;19/03/20;28/05/20
Croatia;EntertainmentVenuesPartial;28/11/20;NA
Croatia;GymsSportsCentres;19/03/20;11/05/20
Croatia;GymsSportsCentres;28/11/20;14/02/21
Croatia;GymsSportsCentresPartial;15/02/21;NA
Croatia;IndoorOver50;13/07/20;NA
Croatia;MasksMandatoryAllSpaces;28/10/20;NA
Croatia;MasksMandatoryAllSpacesPartial;28/02/20;27/10/20
Croatia;MasksMandatoryClosedSpacesPartial;25/06/20;NA
Croatia;MassGather50;19/03/20;18/04/20
Croatia;MassGather50;18/05/20;27/05/20
Croatia;MassGather50;13/07/20;NA
Croatia;MassGatherAll;19/03/20;18/04/20
Croatia;MassGatherAll;18/05/20;27/05/20
Croatia;MassGatherAll;13/07/20;NA
Croatia;NonEssentialShops;19/03/20;27/04/20
Croatia;OutdoorOver50;18/05/20;27/05/20
Croatia;OutdoorOver50;28/11/20;NA
Croatia;PrivateGatheringRestrictions;19/03/20;17/05/20
Croatia;PrivateGatheringRestrictions;13/07/20;NA
Croatia;RestaurantsCafes;19/03/20;11/05/20
Croatia;RestaurantsCafes;28/11/20;28/02/21
Croatia;RestaurantsCafesPartial;14/08/20;22/09/20
Croatia;RestaurantsCafesPartial;01/03/21;NA
Croatia;StayHomeGen;17/03/20;05/05/20
Croatia;StayHomeRiskG;03/03/20;NA
Croatia;Teleworking;19/03/20;27/05/20
Croatia;TeleworkingPartial;28/11/20;NA
Cyprus;BanOnAllEvents;10/03/20;24/06/20
Cyprus;BanOnAllEventsPartial;05/11/20;NA
Cyprus;ClosDaycare;10/03/20;09/06/20
Cyprus;ClosHigh;10/03/20;11/05/20
Cyprus;ClosHigh;14/12/20;NA
Cyprus;ClosPrim;10/03/20;21/05/20
Cyprus;ClosPrim;10/01/21;07/02/21
Cyprus;ClosPubAny;13/03/20;03/05/20
Cyprus;ClosPubAnyPartial;04/05/20;29/06/20
Cyprus;ClosPubAnyPartial;05/11/20;NA
Cyprus;ClosSec;10/03/20;10/05/20
Cyprus;ClosSec;14/12/20;07/02/21
Cyprus;ClosSecPartial;11/05/20;21/05/20
Cyprus;ClosSecPartial;08/02/21;31/03/21
Cyprus;EntertainmentVenues;16/03/20;20/05/20
Cyprus;EntertainmentVenues;11/12/20;07/02/21
Cyprus;EntertainmentVenuesPartial;21/05/20;29/06/20
Cyprus;EntertainmentVenuesPartial;08/02/21;NA
Cyprus;GymsSportsCentres;13/03/20;03/05/20
Cyprus;GymsSportsCentres;08/01/21;31/03/21
Cyprus;GymsSportsCentresPartial;04/05/20;13/06/20
Cyprus;HotelsOtherAccommodation;16/03/20;03/05/20
Cyprus;HotelsOtherAccommodationPartial;04/05/20;09/06/20
Cyprus;IndoorOver100;12/07/20;04/11/20
Cyprus;IndoorOver50;25/06/20;11/07/20
Cyprus;MasksMandatoryAllSpaces;05/11/20;NA
Cyprus;MasksMandatoryClosedSpaces;04/05/20;04/11/20
Cyprus;MassGather50;10/03/20;11/07/20
Cyprus;MassGather50Partial;05/11/20;NA
Cyprus;MassGatherAll;10/03/20;04/11/20
Cyprus;MassGatherAllPartial;05/11/20;NA
Cyprus;NonEssentialShops;16/03/20;03/05/20
Cyprus;NonEssentialShopsPartial;04/05/20;09/06/20
Cyprus;NonEssentialShopsPartial;11/12/20;07/02/21
Cyprus;OutdoorOver100;12/07/20;04/11/20
Cyprus;OutdoorOver50;25/06/20;11/07/20
Cyprus;PlaceOfWorship;16/03/20;03/05/20
Cyprus;PlaceOfWorshipPartial;04/05/20;01/06/20
Cyprus;PlaceOfWorshipPartial;08/02/21;NA
Cyprus;PrivateGatheringRestrictions;31/03/20;03/05/20
Cyprus;PrivateGatheringRestrictions;05/11/20;07/02/21
Cyprus;PrivateGatheringRestrictionsPartial;08/02/21;NA
Cyprus;RestaurantsCafes;16/03/20;20/05/20
Cyprus;RestaurantsCafes;11/12/20;14/03/21
Cyprus;RestaurantsCafesPartial;21/05/20;09/06/20
Cyprus;RestaurantsCafesPartial;05/11/20;10/12/20
Cyprus;RestaurantsCafesPartial;15/03/21;NA
Cyprus;StayHomeOrder;24/03/20;03/05/20
Cyprus;StayHomeOrder;10/01/21;NA
Cyprus;StayHomeOrderPartial;04/05/20;21/05/20
Cyprus;StayHomeOrderPartial;05/11/20;09/01/21
Cyprus;TeleworkingPartial;21/01/21;NA
Cyprus;WorkplaceClosures;16/03/20;14/04/20
Cyprus;WorkplaceClosuresPartial;15/04/20;29/06/20
Czechia;AdaptationOfWorkplace;24/03/20;11/05/20
Czechia;AdaptationOfWorkplace;27/12/20;NA
Czechia;BanOnAllEvents;22/10/20;03/12/20
Czechia;BanOnAllEvents;18/12/20;NA
Czechia;ClosDaycare;11/03/20;11/05/20
Czechia;ClosDaycare;01/03/21;11/04/21
Czechia;ClosHigh;11/03/20;10/05/20
Czechia;ClosHigh;14/10/20;NA
Czechia;ClosHighPartial;11/05/20;31/08/20
Czechia;ClosPrim;11/03/20;10/05/20
Czechia;ClosPrim;14/10/20;17/11/20
Czechia;ClosPrim;21/12/20;11/04/21
Czechia;ClosPrimPartial;11/05/20;31/08/20
Czechia;ClosPrimPartial;18/11/20;29/11/20
Czechia;ClosPrimPartial;12/04/21;NA
Czechia;ClosPubAny;17/03/20;23/04/20
Czechia;ClosPubAny;14/10/20;17/11/20
Czechia;ClosPubAnyPartial;10/03/20;16/03/20
Czechia;ClosPubAnyPartial;24/04/20;13/10/20
Czechia;ClosPubAnyPartial;18/11/20;NA
Czechia;ClosSec;11/03/20;07/06/20
Czechia;ClosSec;14/10/20;06/12/20
Czechia;ClosSec;21/12/20;NA
Czechia;ClosSecPartial;08/06/20;31/08/20
Czechia;ClosSecPartial;07/12/20;20/12/20
Czechia;EntertainmentVenues;17/03/20;10/05/20
Czechia;EntertainmentVenues;14/10/20;02/12/20
Czechia;EntertainmentVenues;18/12/20;NA
Czechia;EntertainmentVenuesPartial;13/03/20;16/03/20
Czechia;EntertainmentVenuesPartial;11/05/20;31/08/20
Czechia;EntertainmentVenuesPartial;05/10/20;13/10/20
Czechia;EntertainmentVenuesPartial;03/12/20;17/12/20
Czechia;GymsSportsCentres;13/03/20;26/04/20
Czechia;GymsSportsCentres;14/10/20;02/12/20
Czechia;GymsSportsCentres;18/12/20;NA
Czechia;GymsSportsCentresPartial;27/04/20;13/10/20
Czechia;GymsSportsCentresPartial;03/12/20;17/12/20
Czechia;HotelsOtherAccommodation;16/03/20;25/05/20
Czechia;HotelsOtherAccommodation;22/10/20;03/12/20
Czechia;HotelsOtherAccommodation;18/12/20;NA
Czechia;IndoorOver100;04/03/20;12/03/20
Czechia;IndoorOver100;11/05/20;25/05/20
Czechia;IndoorOver1000;22/06/20;31/08/20
Czechia;IndoorOver500;26/05/20;21/06/20
Czechia;IndoorOver500;01/09/20;05/10/20
Czechia;MasksMandatoryAllSpaces;19/03/20;24/07/20
Czechia;MasksMandatoryAllSpaces;01/09/20;NA
Czechia;MasksMandatoryAllSpacesPartial;25/07/20;31/08/20
Czechia;MassGather50;22/10/20;NA
Czechia;MassGatherAll;04/03/20;12/03/20
Czechia;MassGatherAll;11/05/20;05/10/20
Czechia;MassGatherAll;22/10/20;NA
Czechia;NonEssentialShops;14/03/20;11/05/20
Czechia;NonEssentialShops;22/10/20;02/12/20
Czechia;NonEssentialShops;27/12/20;NA
Czechia;NonEssentialShopsPartial;03/12/20;26/12/20
Czechia;OutdoorOver100;11/05/20;25/05/20
Czechia;OutdoorOver1000;22/06/20;05/10/20
Czechia;OutdoorOver50;04/12/20;17/12/20
Czechia;OutdoorOver500;26/05/20;21/06/20
Czechia;PlaceOfWorship;16/03/20;23/04/20
Czechia;PlaceOfWorship;14/10/20;17/11/20
Czechia;PlaceOfWorshipPartial;10/03/20;15/03/20
Czechia;PlaceOfWorshipPartial;24/04/20;13/10/20
Czechia;PlaceOfWorshipPartial;18/11/20;NA
Czechia;PrivateGatheringRestrictions;12/03/20;11/05/20
Czechia;PrivateGatheringRestrictions;05/10/20;02/12/20
Czechia;PrivateGatheringRestrictions;27/12/20;NA
Czechia;PrivateGatheringRestrictionsPartial;03/12/20;26/12/20
Czechia;RestaurantsCafes;14/03/20;10/05/20
Czechia;RestaurantsCafes;14/10/20;02/12/20
Czechia;RestaurantsCafes;18/12/20;NA
Czechia;RestaurantsCafesPartial;11/05/20;08/06/20
Czechia;RestaurantsCafesPartial;03/12/20;17/12/20
Czechia;SocialCircle;30/01/21;NA
Czechia;StayHomeOrder;16/03/20;24/04/20
Czechia;StayHomeOrder;22/10/20;03/12/20
Czechia;StayHomeOrder;18/12/20;11/04/21
Czechia;Teleworking;22/10/20;NA
Denmark;AdaptationOfWorkplace;08/05/20;19/05/20
Denmark;AdaptationOfWorkplacePartial;20/05/20;NA
Denmark;BanOnAllEvents;26/10/20;05/04/21
Denmark;ClosDaycare;16/03/20;15/04/20
Denmark;ClosHigh;16/03/20;31/07/20
Denmark;ClosHigh;16/12/20;28/02/21
Denmark;ClosHighPartial;06/04/21;NA
Denmark;ClosPrim;16/03/20;15/04/20
Denmark;ClosPrim;21/12/20;03/01/21
Denmark;ClosPrim;05/01/21;07/02/21
Denmark;ClosPubAny;28/04/20;17/05/20
Denmark;ClosPubAny;16/12/20;12/04/21
Denmark;ClosPubAnyPartial;11/03/20;27/04/20
Denmark;ClosPubAnyPartial;18/05/20;15/12/20
Denmark;ClosPubAnyPartial;13/04/21;NA
Denmark;ClosSec;16/03/20;18/05/20
Denmark;ClosSec;16/12/20;28/02/21
Denmark;ClosSecPartial;06/04/21;NA
Denmark;EntertainmentVenues;18/03/20;08/06/20
Denmark;EntertainmentVenues;16/12/20;NA
Denmark;GymsSportsCentres;18/03/20;08/06/20
Denmark;GymsSportsCentres;16/12/20;NA
Denmark;IndoorOver50;18/03/20;14/06/20
Denmark;IndoorOver500;15/06/20;31/08/20
Denmark;MasksMandatoryClosedSpaces;22/08/20;NA
Denmark;MasksVoluntaryAllSpacesPartial;09/07/20;NA
Denmark;MassGather50;18/03/20;14/06/20
Denmark;MassGather50;26/10/20;05/04/21
Denmark;MassGatherAll;18/03/20;14/06/20
Denmark;MassGatherAllPartial;15/06/20;NA
Denmark;NonEssentialShops;28/04/20;10/05/20
Denmark;NonEssentialShops;16/12/20;28/02/21
Denmark;NonEssentialShops;06/04/21;12/04/21
Denmark;NonEssentialShopsPartial;11/03/20;27/04/20
Denmark;NonEssentialShopsPartial;13/04/21;NA
Denmark;OutdoorOver100;05/09/20;25/10/20
Denmark;OutdoorOver100;06/04/21;NA
Denmark;OutdoorOver1000;15/06/20;04/09/20
Denmark;OutdoorOver500;21/04/20;14/06/20
Denmark;PlaceOfWorship;18/03/20;18/05/20
Denmark;PrivateGatheringRestrictions;18/03/20;14/06/20
Denmark;PrivateGatheringRestrictions;26/10/20;05/04/21
Denmark;RestaurantsCafes;18/03/20;17/05/20
Denmark;RestaurantsCafes;16/12/20;NA
Denmark;RestaurantsCafesPartial;18/05/20;15/12/20
Denmark;SocialCircle;06/01/21;28/02/21
Denmark;StayHomeRiskG;14/03/20;NA
Denmark;Teleworking;13/03/20;14/06/20
Denmark;Teleworking;16/12/20;05/04/21
Denmark;TeleworkingPartial;15/06/20;15/12/20
Denmark;WorkplaceClosures;13/03/20;10/05/20
Estonia;AdaptationOfWorkplacePartial;16/03/20;NA
Estonia;BanOnAllEventsPartial;03/03/21;NA
Estonia;ClosDaycarePartial;11/03/21;NA
Estonia;ClosHigh;16/03/20;17/05/20
Estonia;ClosHigh;14/12/20;31/12/20
Estonia;ClosHigh;01/03/21;NA
Estonia;ClosPrim;16/03/20;17/05/20
Estonia;ClosPrim;14/12/20;31/12/20
Estonia;ClosPrim;11/03/21;NA
Estonia;ClosPubAny;12/03/20;16/05/20
Estonia;ClosPubAnyPartial;17/05/20;01/07/20
Estonia;ClosPubAnyPartial;19/08/20;NA
Estonia;ClosSec;16/03/20;17/05/20
Estonia;ClosSec;14/12/20;10/01/21
Estonia;ClosSec;01/03/21;NA
Estonia;EntertainmentVenues;12/03/20;16/05/20
Estonia;EntertainmentVenues;03/03/21;NA
Estonia;EntertainmentVenuesPartial;17/05/20;01/07/20
Estonia;EntertainmentVenuesPartial;16/11/20;02/03/21
Estonia;GymsSportsCentres;16/03/20;17/05/20
Estonia;GymsSportsCentres;11/03/21;NA
Estonia;GymsSportsCentresPartial;19/08/20;10/03/21
Estonia;IndoorOver100;01/06/20;14/07/20
Estonia;IndoorOver1000;15/07/20;27/11/20
Estonia;IndoorOver50;18/05/20;31/05/20
Estonia;IndoorOver500;28/11/20;02/03/21
Estonia;MasksMandatoryClosedSpaces;24/11/20;NA
Estonia;MasksVoluntaryAllSpaces;12/03/20;16/05/20
Estonia;MasksVoluntaryAllSpacesPartial;17/05/20;31/07/20
Estonia;MasksVoluntaryClosedSpacesPartial;12/10/20;23/11/20
Estonia;MassGather50;18/05/20;31/05/20
Estonia;MassGather50Partial;03/03/21;NA
Estonia;MassGatherAll;18/05/20;31/05/20
Estonia;MassGatherAll;15/07/20;02/03/21
Estonia;MassGatherAllPartial;01/06/20;14/07/20
Estonia;MassGatherAllPartial;03/03/21;NA
Estonia;NonEssentialShops;27/03/20;17/05/20
Estonia;NonEssentialShopsPartial;06/03/21;NA
Estonia;OutdoorOver100;18/05/20;30/06/20
Estonia;OutdoorOver1000;01/07/20;23/11/20
Estonia;OutdoorOver500;24/11/20;02/03/21
Estonia;PlaceOfWorship;12/03/20;10/05/20
Estonia;PlaceOfWorshipPartial;24/12/20;NA
Estonia;PrivateGatheringRestrictions;12/03/20;17/05/20
Estonia;PrivateGatheringRestrictions;16/11/20;10/01/21
Estonia;PrivateGatheringRestrictions;01/02/21;NA
Estonia;PrivateGatheringRestrictionsPartial;11/01/21;31/01/21
Estonia;RestaurantsCafes;11/03/21;NA
Estonia;RestaurantsCafesPartial;16/11/20;02/03/21
Estonia;RestaurantsCafesPartial;06/03/21;10/03/21
Estonia;StayHomeGen;12/03/20;17/05/20
Estonia;TeleworkingPartial;16/03/20;NA
Finland;ClosHigh;18/03/20;04/08/20
Finland;ClosPrim;18/03/20;14/05/20
Finland;ClosPubAny;18/03/20;31/05/20
Finland;ClosPubAnyPartial;01/06/20;NA
Finland;ClosSec;18/03/20;04/08/20
Finland;EntertainmentVenues;18/03/20;31/05/20
Finland;EntertainmentVenuesPartial;01/06/20;NA
Finland;GymsSportsCentres;18/03/20;01/06/20
Finland;IndoorOver50;18/03/20;31/07/20
Finland;IndoorOver50;15/10/20;NA
Finland;IndoorOver500;12/03/20;17/03/20
Finland;IndoorOver500;01/08/20;14/10/20
Finland;MasksVoluntaryClosedSpaces;18/09/20;NA
Finland;MasksVoluntaryClosedSpacesPartial;13/08/20;17/09/20
Finland;MassGather50;18/03/20;30/06/20
Finland;MassGather50Partial;01/07/20;31/07/20
Finland;MassGather50Partial;15/10/20;NA
Finland;MassGatherAll;12/03/20;30/06/20
Finland;MassGatherAllPartial;01/07/20;NA
Finland;OutdoorOver50;18/03/20;01/07/20
Finland;OutdoorOver50;15/10/20;NA
Finland;OutdoorOver500;12/03/20;17/03/20
Finland;OutdoorOver500;02/07/20;14/10/20
Finland;RestaurantsCafes;18/03/20;31/05/20
Finland;RestaurantsCafesPartial;01/06/20;13/07/20
Finland;RestaurantsCafesPartial;01/10/20;NA
Finland;StayHomeRiskG;16/03/20;22/06/20
Finland;StayHomeRiskGPartial;23/06/20;NA
Finland;Teleworking;18/03/20;01/08/20
Finland;TeleworkingPartial;13/08/20;NA
France;BanOnAllEvents;19/10/20;NA
France;ClosDaycare;16/03/20;01/06/20
France;ClosDaycare;06/04/21;NA
France;ClosDaycarePartial;02/06/20;22/06/20
France;ClosHigh;27/10/20;24/01/21
France;ClosHighPartial;16/03/20;22/06/20
France;ClosHighPartial;25/01/21;NA
France;ClosPrim;06/04/21;NA
France;ClosPrimPartial;16/03/20;22/06/20
France;ClosPubAny;16/03/20;10/05/20
France;ClosPubAnyPartial;11/05/20;22/06/20
France;ClosPubAnyPartial;28/10/20;NA
France;ClosSec;16/03/20;10/05/20
France;ClosSec;06/04/21;NA
France;ClosSecPartial;11/05/20;22/06/20
France;EntertainmentVenues;16/03/20;01/06/20
France;EntertainmentVenues;28/10/20;NA
France;EntertainmentVenuesPartial;02/06/20;22/06/20
France;GymsSportsCentres;16/03/20;22/06/20
France;GymsSportsCentres;28/10/20;NA
France;IndoorOver1000;29/02/20;18/10/20
France;MasksMandatoryAllSpaces;28/10/20;NA
France;MasksMandatoryClosedSpaces;18/05/20;NA
France;MasksVoluntaryAllSpaces;11/05/20;25/07/20
France;MasksVoluntaryClosedSpaces;11/05/20;17/05/20
France;MassGather50;19/10/20;NA
France;MassGather50Partial;18/09/20;18/10/20
France;MassGatherAll;29/02/20;17/09/20
France;MassGatherAll;19/10/20;NA
France;MassGatherAllPartial;18/09/20;18/10/20
France;NonEssentialShops;16/03/20;10/05/20
France;NonEssentialShops;29/10/20;27/11/20
France;NonEssentialShopsPartial;11/05/20;02/06/20
France;NonEssentialShopsPartial;28/11/20;NA
France;OutdoorOver1000;13/03/20;11/07/20
France;OutdoorOver50;18/09/20;18/10/20
France;PlaceOfWorshipPartial;28/10/20;NA
France;PrivateGatheringRestrictions;17/03/20;15/06/20
France;PrivateGatheringRestrictionsPartial;23/09/20;28/10/20
France;RegionalStayHomeOrderPartial;17/10/20;28/10/20
France;RegionalStayHomeOrderPartial;26/02/21;19/03/21
France;RestaurantsCafes;16/03/20;01/06/20
France;RestaurantsCafes;28/10/20;NA
France;RestaurantsCafesPartial;02/06/20;15/06/20
France;SocialCircle;28/10/20;NA
France;StayHomeOrder;17/03/20;11/05/20
France;StayHomeOrder;28/10/20;14/12/20
France;StayHomeOrderPartial;12/05/20;02/06/20
France;StayHomeOrderPartial;15/12/20;NA
France;Teleworking;17/03/20;10/05/20
France;Teleworking;29/10/20;NA
France;TeleworkingPartial;11/05/20;28/10/20
France;WorkplaceClosures;17/03/20;11/05/20
Germany;BanOnAllEvents;23/03/20;10/05/20
Germany;BanOnAllEvents;02/11/20;NA
Germany;BanOnAllEventsPartial;11/05/20;29/06/20
Germany;ClosDaycare;13/03/20;14/05/20
Germany;ClosDaycarePartial;15/05/20;01/07/20
Germany;ClosDaycarePartial;16/12/20;NA
Germany;ClosPrim;13/03/20;03/05/20
Germany;ClosPrimPartial;04/05/20;29/06/20
Germany;ClosPrimPartial;16/12/20;NA
Germany;ClosPubAny;16/03/20;04/05/20
Germany;ClosPubAnyPartial;05/05/20;NA
Germany;ClosSec;13/03/20;03/05/20
Germany;ClosSecPartial;04/05/20;15/06/20
Germany;ClosSecPartial;16/12/20;NA
Germany;EntertainmentVenues;16/03/20;04/05/20
Germany;EntertainmentVenues;02/11/20;07/03/21
Germany;EntertainmentVenuesPartial;05/05/20;01/11/20
Germany;EntertainmentVenuesPartial;08/03/21;NA
Germany;GymsSportsCentres;02/11/20;07/03/21
Germany;GymsSportsCentresPartial;08/03/21;NA
Germany;HotelsOtherAccommodationPartial;07/10/20;NA
Germany;IndoorOver100;30/06/20;28/09/20
Germany;IndoorOver1000;10/03/20;22/03/20
Germany;IndoorOver50;29/09/20;01/11/20
Germany;MasksMandatoryAllSpacesPartial;01/11/20;NA
Germany;MasksMandatoryClosedSpaces;27/04/20;NA
Germany;MasksVoluntaryAllSpaces;02/04/20;27/04/20
Germany;MassGather50;23/03/20;10/05/20
Germany;MassGather50;02/11/20;NA
Germany;MassGather50Partial;11/05/20;29/06/20
Germany;MassGather50Partial;29/09/20;01/11/20
Germany;MassGatherAll;10/03/20;10/05/20
Germany;MassGatherAll;02/11/20;NA
Germany;MassGatherAllPartial;11/05/20;01/11/20
Germany;NonEssentialShops;16/03/20;20/04/20
Germany;NonEssentialShops;16/12/20;07/03/21
Germany;NonEssentialShopsPartial;08/03/21;NA
Germany;OutdoorOver100;30/06/20;01/11/20
Germany;PlaceOfWorshipPartial;16/12/20;NA
Germany;PrivateGatheringRestrictions;02/11/20;NA
Germany;RestaurantsCafes;23/03/20;04/05/20
Germany;RestaurantsCafes;02/11/20;NA
Germany;RestaurantsCafesPartial;05/05/20;08/06/20
Germany;RestaurantsCafesPartial;14/10/20;01/11/20
Germany;SocialCirclePartial;02/08/20;NA
Germany;StayHomeGen;17/03/20;05/05/20
Germany;StayHomeGenPartial;06/05/20;29/06/20
Germany;StayHomeOrderPartial;09/12/20;NA
Germany;Teleworking;19/01/21;NA
Germany;TeleworkingPartial;23/12/20;18/01/21
Greece;BanOnAllEvents;07/11/20;25/01/21
Greece;BanOnAllEventsPartial;13/07/20;06/11/20
Greece;ClosDaycare;11/03/20;01/06/20
Greece;ClosDaycare;16/11/20;10/01/21
Greece;ClosDaycare;20/03/21;NA
Greece;ClosDaycarePartial;06/02/21;19/03/21
Greece;ClosHigh;03/11/20;NA
Greece;ClosHighPartial;16/03/20;25/05/20
Greece;ClosPrim;11/03/20;01/06/20
Greece;ClosPrim;16/11/20;10/01/21
Greece;ClosPrim;20/03/21;NA
Greece;ClosPrimPartial;06/02/21;19/03/21
Greece;ClosPubAny;14/03/20;03/05/20
Greece;ClosPubAnyPartial;04/05/20;NA
Greece;ClosSec;11/03/20;10/05/20
Greece;ClosSec;07/11/20;05/02/21
Greece;ClosSec;20/03/21;11/04/21
Greece;ClosSecPartial;11/05/20;18/05/20
Greece;ClosSecPartial;06/02/21;19/03/21
Greece;ClosSecPartial;12/04/21;NA
Greece;EntertainmentVenues;14/03/20;17/05/20
Greece;EntertainmentVenues;07/11/20;NA
Greece;EntertainmentVenuesPartial;18/05/20;15/06/20
Greece;EntertainmentVenuesPartial;09/08/20;06/11/20
Greece;GymsSportsCentres;14/03/20;05/06/20
Greece;GymsSportsCentres;07/11/20;NA
Greece;GymsSportsCentresPartial;06/06/20;15/06/20
Greece;GymsSportsCentresPartial;04/11/20;06/11/20
Greece;HotelsOtherAccommodation;15/03/20;24/05/20
Greece;HotelsOtherAccommodationPartial;25/05/20;01/07/20
Greece;MasksMandatoryAllSpaces;17/07/20;NA
Greece;MasksMandatoryClosedSpaces;28/04/20;06/07/20
Greece;MasksVoluntaryClosedSpaces;07/07/20;16/07/20
Greece;MassGather50;07/11/20;25/01/21
Greece;MassGather50Partial;13/07/20;06/11/20
Greece;MassGatherAll;07/11/20;NA
Greece;MassGatherAllPartial;13/07/20;06/11/20
Greece;NonEssentialShops;14/03/20;03/05/20
Greece;NonEssentialShops;07/11/20;17/01/21
Greece;NonEssentialShopsPartial;04/05/20;01/06/20
Greece;NonEssentialShopsPartial;06/02/21;NA
Greece;OutdoorOver100;26/01/21;NA
Greece;PlaceOfWorship;14/03/20;16/05/20
Greece;PlaceOfWorshipPartial;17/05/20;05/06/20
Greece;PlaceOfWorshipPartial;07/11/20;NA
Greece;PrivateGatheringRestrictions;19/03/20;03/05/20
Greece;PrivateGatheringRestrictions;07/11/20;NA
Greece;RegionalStayHomeOrder;03/11/20;06/11/20
Greece;RegionalStayHomeOrder;11/01/21;05/02/21
Greece;RegionalStayHomeOrderPartial;06/02/21;NA
Greece;RestaurantsCafes;14/03/20;31/05/20
Greece;RestaurantsCafes;07/11/20;NA
Greece;RestaurantsCafesPartial;01/06/20;06/11/20
Greece;SocialCircle;01/01/21;02/01/21
Greece;StayHomeGen;27/02/20;22/03/20
Greece;StayHomeOrder;23/03/20;04/05/20
Greece;StayHomeOrderPartial;07/11/20;NA
Greece;StayHomeRiskG;11/03/20;NA
Greece;Teleworking;19/03/20;NA
Hungary;BanOnAllEvents;16/03/20;11/06/20
Hungary;BanOnAllEvents;11/11/20;NA
Hungary;ClosDaycare;25/03/20;02/06/20
Hungary;ClosDaycare;09/03/21;NA
Hungary;ClosHigh;25/03/20;18/05/20
Hungary;ClosHigh;11/11/20;NA
Hungary;ClosPrim;16/03/20;01/06/20
Hungary;ClosPrim;08/03/21;NA
Hungary;ClosPrimPartial;02/06/20;26/06/20
Hungary;ClosPubAny;13/03/20;18/05/20
Hungary;ClosPubAny;08/03/21;06/04/21
Hungary;ClosPubAnyPartial;21/09/20;07/03/21
Hungary;ClosPubAnyPartial;07/04/21;NA
Hungary;ClosSec;16/03/20;01/06/20
Hungary;ClosSec;11/11/20;NA
Hungary;ClosSecPartial;02/06/20;26/06/20
Hungary;EntertainmentVenues;13/03/20;18/05/20
Hungary;EntertainmentVenues;04/11/20;NA
Hungary;GymsSportsCentres;11/11/20;NA
Hungary;IndoorOver100;11/03/20;15/03/20
Hungary;IndoorOver500;21/09/20;10/11/20
Hungary;MasksMandatoryAllSpaces;11/11/20;NA
Hungary;MasksMandatoryClosedSpaces;02/11/20;11/11/20
Hungary;MasksMandatoryClosedSpacesPartial;04/05/20;01/11/20
Hungary;MassGather50;16/03/20;11/06/20
Hungary;MassGather50;11/11/20;NA
Hungary;MassGatherAll;11/03/20;11/06/20
Hungary;MassGatherAll;11/11/20;NA
Hungary;MassGatherAllPartial;21/09/20;10/11/20
Hungary;NonEssentialShops;28/03/20;18/05/20
Hungary;NonEssentialShops;08/03/21;06/04/21
Hungary;NonEssentialShopsPartial;11/11/20;07/03/21
Hungary;NonEssentialShopsPartial;07/04/21;NA
Hungary;OutdoorOver500;21/09/20;10/11/20
Hungary;PrivateGatheringRestrictionsPartial;11/11/20;NA
Hungary;RestaurantsCafes;28/03/20;18/05/20
Hungary;RestaurantsCafes;11/11/20;NA
Hungary;RestaurantsCafesPartial;21/09/20;10/11/20
Hungary;StayHomeGen;21/03/20;26/03/20
Hungary;StayHomeOrder;27/03/20;18/05/20
Hungary;StayHomeOrder;07/04/21;NA
Hungary;StayHomeOrderPartial;04/11/20;06/04/21
Hungary;TeleworkingPartial;08/03/21;22/03/21
Iceland;AdaptationOfWorkplace;16/03/20;NA
Iceland;ClosHigh;16/03/20;04/05/20
Iceland;ClosHigh;25/03/21;01/04/21
Iceland;ClosPrim;25/03/21;01/04/21
Iceland;ClosPubAny;16/03/20;03/05/20
Iceland;ClosPubAnyPartial;04/05/20;15/06/20
Iceland;ClosPubAnyPartial;31/08/20;NA
Iceland;ClosSec;16/03/20;04/05/20
Iceland;ClosSec;25/03/21;01/04/21
Iceland;EntertainmentVenues;16/03/20;03/05/20
Iceland;EntertainmentVenues;01/11/20;09/12/20
Iceland;EntertainmentVenues;25/03/21;NA
Iceland;EntertainmentVenuesPartial;04/05/20;25/05/20
Iceland;EntertainmentVenuesPartial;31/08/20;31/10/20
Iceland;EntertainmentVenuesPartial;10/12/20;24/03/21
Iceland;GymsSportsCentres;16/03/20;17/05/20
Iceland;GymsSportsCentres;25/03/21;NA
Iceland;GymsSportsCentresPartial;18/05/20;15/06/20
Iceland;GymsSportsCentresPartial;20/10/20;24/03/21
Iceland;IndoorOver100;16/03/20;23/03/20
Iceland;IndoorOver100;31/07/20;09/09/20
Iceland;IndoorOver50;24/03/20;25/05/20
Iceland;IndoorOver50;24/02/21;24/03/21
Iceland;IndoorOver500;26/05/20;30/07/20
Iceland;IndoorOver500;10/09/20;03/10/20
Iceland;MasksMandatoryAllSpacesPartial;05/10/20;NA
Iceland;MasksVoluntaryAllSpacesPartial;31/07/20;05/10/20
Iceland;MassGather50;24/03/20;25/05/20
Iceland;MassGather50;04/10/20;24/03/21
Iceland;MassGatherAll;16/03/20;24/05/20
Iceland;MassGatherAll;04/10/20;24/03/21
Iceland;MassGatherAllPartial;25/05/20;03/10/20
Iceland;OutdoorOver100;16/03/20;23/03/20
Iceland;OutdoorOver100;31/07/20;07/09/20
Iceland;OutdoorOver50;24/03/20;25/05/20
Iceland;OutdoorOver50;04/10/20;23/02/21
Iceland;OutdoorOver500;26/05/20;30/07/20
Iceland;OutdoorOver500;08/09/20;03/10/20
Iceland;OutdoorOver500;24/02/21;24/03/21
Iceland;PrivateGatheringRestrictions;04/10/20;23/02/21
Iceland;PrivateGatheringRestrictions;24/03/21;NA
Iceland;RestaurantsCafes;16/03/20;25/05/20
Iceland;RestaurantsCafesPartial;31/10/20;NA
Iceland;StayHomeRiskG;16/03/20;NA
Ireland;BanOnAllEvents;24/03/20;28/06/20
Ireland;BanOnAllEvents;21/10/20;30/11/20
Ireland;BanOnAllEvents;31/12/20;NA
Ireland;BanOnAllEventsPartial;06/03/20;08/03/20
Ireland;ClosDaycare;12/03/20;29/06/20
Ireland;ClosDaycarePartial;11/01/21;29/03/21
Ireland;ClosHigh;12/03/20;20/09/20
Ireland;ClosHighPartial;21/09/20;NA
Ireland;ClosPrim;12/03/20;24/08/20
Ireland;ClosPrim;11/01/21;28/02/21
Ireland;ClosPrimPartial;01/03/21;14/03/21
Ireland;ClosPubAny;12/03/20;26/03/20
Ireland;ClosPubAny;06/06/20;29/06/20
Ireland;ClosPubAny;21/10/20;30/11/20
Ireland;ClosPubAny;31/12/20;NA
Ireland;ClosPubAnyPartial;27/03/20;05/06/20
Ireland;ClosPubAnyPartial;06/10/20;20/10/20
Ireland;ClosPubAnyPartial;01/12/20;30/12/20
Ireland;ClosSec;12/03/20;31/08/20
Ireland;ClosSec;11/01/21;28/02/21
Ireland;ClosSecPartial;01/03/21;11/04/21
Ireland;ClosureOfPublicTransportPartial;27/03/20;05/06/20
Ireland;EntertainmentVenues;12/03/20;29/06/20
Ireland;EntertainmentVenues;06/10/20;30/11/20
Ireland;EntertainmentVenues;25/12/20;NA
Ireland;EntertainmentVenuesPartial;01/12/20;24/12/20
Ireland;GymsSportsCentres;24/03/20;29/06/20
Ireland;GymsSportsCentres;21/10/20;30/11/20
Ireland;GymsSportsCentres;31/12/20;NA
Ireland;GymsSportsCentresPartial;06/10/20;20/10/20
Ireland;GymsSportsCentresPartial;01/12/20;30/12/20
Ireland;IndoorOver100;12/03/20;23/03/20
Ireland;IndoorOver50;29/06/20;20/10/20
Ireland;MasksMandatoryClosedSpaces;29/06/20;NA
Ireland;MasksVoluntaryAllSpaces;18/05/20;NA
Ireland;MassGather50;24/03/20;30/11/20
Ireland;MassGather50;31/12/20;NA
Ireland;MassGather50Partial;06/03/20;08/03/20
Ireland;MassGatherAll;12/03/20;30/11/20
Ireland;MassGatherAll;31/12/20;NA
Ireland;MassGatherAllPartial;06/03/20;08/03/20
Ireland;NonEssentialShops;24/03/20;29/06/20
Ireland;NonEssentialShops;21/10/20;30/11/20
Ireland;NonEssentialShops;01/01/21;NA
Ireland;OutdoorOver50;24/08/20;20/10/20
Ireland;OutdoorOver500;12/03/20;23/03/20
Ireland;OutdoorOver500;29/06/20;23/08/20
Ireland;PlaceOfWorship;06/10/20;30/11/20
Ireland;PlaceOfWorship;31/12/20;NA
Ireland;PlaceOfWorshipPartial;01/12/20;30/12/20
Ireland;PrivateGatheringRestrictions;24/03/20;28/06/20
Ireland;PrivateGatheringRestrictions;21/10/20;30/11/20
Ireland;PrivateGatheringRestrictions;31/12/20;NA
Ireland;PrivateGatheringRestrictionsPartial;01/12/20;30/12/20
Ireland;RestaurantsCafes;24/03/20;29/06/20
Ireland;RestaurantsCafes;21/10/20;03/12/20
Ireland;RestaurantsCafes;25/12/20;NA
Ireland;RestaurantsCafesPartial;06/10/20;20/10/20
Ireland;RestaurantsCafesPartial;04/12/20;24/12/20
Ireland;SocialCircle;21/10/20;NA
Ireland;StayHomeGen;24/03/20;26/03/20
Ireland;StayHomeGen;18/05/20;26/06/20
Ireland;StayHomeGenPartial;12/03/20;23/03/20
Ireland;StayHomeOrder;27/03/20;17/05/20
Ireland;StayHomeOrder;21/10/20;30/11/20
Ireland;StayHomeOrder;31/12/20;NA
Ireland;StayHomeRiskG;12/03/20;NA
Ireland;Teleworking;12/03/20;NA
Italy;AdaptationOfWorkplace;10/03/20;10/06/20
Italy;AdaptationOfWorkplacePartial;11/06/20;15/10/20
Italy;BanOnAllEvents;09/03/20;11/06/20
Italy;BanOnAllEvents;06/11/20;NA
Italy;BanOnAllEventsPartial;04/03/20;08/03/20
Italy;ClosDaycare;10/03/20;10/06/20
Italy;ClosDaycarePartial;04/03/20;09/03/20
Italy;ClosDaycarePartial;11/06/20;14/09/20
Italy;ClosHigh;10/03/20;10/06/20
Italy;ClosHigh;04/12/20;15/01/21
Italy;ClosHighPartial;04/03/20;09/03/20
Italy;ClosHighPartial;11/06/20;14/09/20
Italy;ClosHighPartial;05/11/20;03/12/20
Italy;ClosPrim;11/03/20;14/09/20
Italy;ClosPrimPartial;04/03/20;10/03/20
Italy;ClosPubAny;24/12/20;06/01/21
Italy;ClosPubAnyPartial;10/03/20;23/12/20
Italy;ClosPubAnyPartial;07/01/21;06/04/21
Italy;ClosSec;04/03/20;16/06/20
Italy;ClosSec;05/07/20;14/09/20
Italy;ClosSec;05/11/20;06/01/21
Italy;ClosSecPartial;17/06/20;04/07/20
Italy;ClosSecPartial;15/01/21;05/03/21
Italy;ClosureOfPublicTransportPartial;05/11/20;03/12/20
Italy;ClosureOfPublicTransportPartial;15/01/21;06/04/21
Italy;EntertainmentVenues;10/03/20;17/05/20
Italy;EntertainmentVenues;26/10/20;26/03/21
Italy;EntertainmentVenuesPartial;18/05/20;15/06/20
Italy;GymsSportsCentres;10/03/20;24/05/20
Italy;GymsSportsCentres;26/10/20;06/04/21
Italy;GymsSportsCentresPartial;25/05/20;25/10/20
Italy;IndoorOver500;07/08/20;05/11/20
Italy;MasksMandatoryAllSpaces;26/04/20;14/07/20
Italy;MasksMandatoryAllSpaces;08/10/20;NA
Italy;MasksMandatoryAllSpacesPartial;16/08/20;07/10/20
Italy;MasksMandatoryClosedSpaces;15/07/20;15/08/20
Italy;MassGather50;09/03/20;11/06/20
Italy;MassGather50;06/11/20;NA
Italy;MassGather50Partial;04/03/20;08/03/20
Italy;MassGatherAll;09/03/20;11/06/20
Italy;MassGatherAll;06/11/20;NA
Italy;MassGatherAllPartial;04/03/20;08/03/20
Italy;MassGatherAllPartial;12/06/20;05/11/20
Italy;NonEssentialShops;10/03/20;13/04/20
Italy;NonEssentialShops;24/12/20;06/01/21
Italy;NonEssentialShopsPartial;14/04/20;18/05/20
Italy;OutdoorOver1000;12/06/20;05/11/20
Italy;PlaceOfWorship;10/03/20;15/06/20
Italy;PrivateGatheringRestrictionsPartial;22/02/21;NA
Italy;RegionalStayHomeOrder;16/01/21;31/01/21
Italy;RegionalStayHomeOrder;08/02/21;21/02/21
Italy;RegionalStayHomeOrder;08/03/21;NA
Italy;RegionalLockdown20;15/11/20;03/12/20
Italy;RegionalStayHomeOrderPartial;22/10/20;03/12/20
Italy;RestaurantsCafes;24/12/20;06/01/21
Italy;RestaurantsCafesPartial;10/03/20;18/05/20
Italy;RestaurantsCafesPartial;18/10/20;23/12/20
Italy;RestaurantsCafesPartial;07/01/21;06/04/21
Italy;StayHomeGen;26/10/20;04/11/20
Italy;StayHomeOrder;10/03/20;04/05/20
Italy;StayHomeOrderPartial;05/11/20;NA
Italy;StayHomeRiskG;04/03/20;NA
Italy;Teleworking;12/03/20;10/06/20
Italy;Teleworking;16/10/20;06/04/21
Latvia;BanOnAllEvents;09/11/20;NA
Latvia;BanOnAllEventsPartial;12/05/20;10/06/20
Latvia;ClosDaycarePartial;17/03/20;10/06/20
Latvia;ClosDaycarePartial;16/03/21;NA
Latvia;ClosHigh;17/03/20;31/08/20
Latvia;ClosHigh;26/10/20;NA
Latvia;ClosPrim;17/03/20;31/08/20
Latvia;ClosPrimPartial;02/11/20;NA
Latvia;ClosPubAny;17/03/20;11/05/20
Latvia;ClosPubAnyPartial;12/05/20;10/06/20
Latvia;ClosPubAnyPartial;11/07/20;NA
Latvia;ClosSec;26/10/20;06/04/21
Latvia;ClosSecPartial;17/03/20;07/05/20
Latvia;ClosSecPartial;07/04/21;NA
Latvia;ClosureOfPublicTransportPartial;07/12/20;NA
Latvia;EntertainmentVenues;17/03/20;11/05/20
Latvia;EntertainmentVenues;09/11/20;NA
Latvia;EntertainmentVenuesPartial;12/05/20;10/06/20
Latvia;GymsSportsCentres;17/03/20;11/05/20
Latvia;GymsSportsCentres;03/12/20;NA
Latvia;GymsSportsCentresPartial;12/05/20;10/06/20
Latvia;IndoorOver100;11/06/20;31/07/20
Latvia;IndoorOver1000;17/08/20;10/10/20
Latvia;IndoorOver50;17/03/20;11/05/20
Latvia;IndoorOver500;01/08/20;16/08/20
Latvia;IndoorOver500;11/10/20;06/11/20
Latvia;MasksMandatoryAllSpacesPartial;17/03/20;30/06/20
Latvia;MasksMandatoryClosedSpaces;07/10/20;NA
Latvia;MasksMandatoryClosedSpacesPartial;12/05/20;30/06/20
Latvia;MasksVoluntaryAllSpacesPartial;20/04/20;30/06/20
Latvia;MassGather50;17/03/20;11/05/20
Latvia;MassGather50;09/11/20;NA
Latvia;MassGather50Partial;12/05/20;10/06/20
Latvia;MassGatherAll;17/03/20;11/05/20
Latvia;MassGatherAll;11/06/20;30/06/20
Latvia;MassGatherAll;01/08/20;06/11/20
Latvia;MassGatherAll;09/11/20;NA
Latvia;MassGatherAllPartial;12/05/20;10/06/20
Latvia;MassGatherAllPartial;01/07/20;31/07/20
Latvia;NonEssentialShopsPartial;09/11/20;NA
Latvia;OutdoorOver1000;01/07/20;29/10/20
Latvia;OutdoorOver500;11/06/20;30/06/20
Latvia;OutdoorOver500;30/10/20;06/11/20
Latvia;PlaceOfWorship;17/03/20;11/05/20
Latvia;PlaceOfWorshipPartial;12/05/20;10/06/20
Latvia;PlaceOfWorshipPartial;06/12/20;NA
Latvia;PrivateGatheringRestrictions;17/10/20;NA
Latvia;RestaurantsCafes;09/11/20;NA
Latvia;RestaurantsCafesPartial;11/07/20;08/11/20
Latvia;StayHomeGen;17/03/20;11/05/20
Latvia;StayHomeGenPartial;12/05/20;10/06/20
Latvia;StayHomeOrderPartial;24/12/20;07/02/21
Latvia;Teleworking;17/03/20;NA
Liechtenstein;BanOnAllEvents;20/12/20;NA
Liechtenstein;ClosDaycare;16/03/20;11/05/20
Liechtenstein;ClosHigh;16/03/20;08/06/20
Liechtenstein;ClosPrim;16/03/20;08/06/20
Liechtenstein;ClosPubAny;24/10/20;29/11/20
Liechtenstein;ClosPubAny;20/12/20;28/02/21
Liechtenstein;ClosPubAnyPartial;12/03/20;06/06/20
Liechtenstein;ClosPubAnyPartial;30/11/20;19/12/20
Liechtenstein;ClosPubAnyPartial;01/03/21;NA
Liechtenstein;ClosSec;16/03/20;08/06/20
Liechtenstein;EntertainmentVenues;17/03/20;06/06/20
Liechtenstein;EntertainmentVenues;20/12/20;28/02/21
Liechtenstein;EntertainmentVenuesPartial;12/12/20;19/12/20
Liechtenstein;EntertainmentVenuesPartial;01/03/21;NA
Liechtenstein;GymsSportsCentres;12/01/21;28/02/21
Liechtenstein;GymsSportsCentresPartial;12/03/20;06/06/20
Liechtenstein;GymsSportsCentresPartial;01/03/21;NA
Liechtenstein;IndoorOver100;13/03/20;03/07/20
Liechtenstein;IndoorOver1000;28/02/20;12/03/20
Liechtenstein;IndoorOver1000;04/07/20;30/09/20
Liechtenstein;MasksMandatoryAllSpaces;20/12/20;NA
Liechtenstein;MasksMandatoryClosedSpaces;20/10/20;19/12/20
Liechtenstein;MasksMandatoryClosedSpacesPartial;06/07/20;19/10/20
Liechtenstein;MasksVoluntaryClosedSpacesPartial;13/05/20;05/07/20
Liechtenstein;MassGather50;20/12/20;NA
Liechtenstein;MassGatherAll;28/02/20;30/09/20
Liechtenstein;MassGatherAll;20/12/20;NA
Liechtenstein;NonEssentialShops;17/03/20;27/04/20
Liechtenstein;OutdoorOver100;13/03/20;03/07/20
Liechtenstein;OutdoorOver1000;28/02/20;12/03/20
Liechtenstein;PrivateGatheringRestrictions;16/03/20;20/05/20
Liechtenstein;PrivateGatheringRestrictions;19/10/20;NA
Liechtenstein;RestaurantsCafes;17/03/20;15/05/20
Liechtenstein;RestaurantsCafes;24/10/20;29/11/20
Liechtenstein;RestaurantsCafes;20/12/20;NA
Liechtenstein;RestaurantsCafesPartial;30/11/20;19/12/20
Liechtenstein;StayHomeGen;21/03/20;18/05/20
Liechtenstein;StayHomeRiskG;16/03/20;NA
Liechtenstein;TeleworkingPartial;15/01/21;NA
Lithuania;BanOnAllEvents;12/03/20;31/05/20
Lithuania;BanOnAllEvents;07/11/20;05/03/21
Lithuania;BanOnAllEventsPartial;06/03/21;NA
Lithuania;ClosDaycare;16/03/20;26/04/20
Lithuania;ClosDaycarePartial;27/04/20;27/05/20
Lithuania;ClosHigh;16/03/20;24/05/20
Lithuania;ClosHigh;07/11/20;NA
Lithuania;ClosHighPartial;25/05/20;30/06/20
Lithuania;ClosHighPartial;01/09/20;06/11/20
Lithuania;ClosPrim;16/03/20;24/05/20
Lithuania;ClosPrim;14/12/20;NA
Lithuania;ClosPrimPartial;25/05/20;23/06/20
Lithuania;ClosPubAnyPartial;16/03/20;NA
Lithuania;ClosSec;16/03/20;31/05/20
Lithuania;ClosSec;07/11/20;NA
Lithuania;ClosSecPartial;01/06/20;16/06/20
Lithuania;ClosSecPartial;01/09/20;06/11/20
Lithuania;EntertainmentVenues;16/03/20;26/04/20
Lithuania;EntertainmentVenues;16/12/20;05/03/21
Lithuania;EntertainmentVenuesPartial;27/04/20;17/07/20
Lithuania;EntertainmentVenuesPartial;26/10/20;15/12/20
Lithuania;EntertainmentVenuesPartial;06/03/21;NA
Lithuania;GymsSportsCentres;07/11/20;NA
Lithuania;GymsSportsCentresPartial;16/03/20;16/06/20
Lithuania;HotelsOtherAccommodationPartial;07/11/20;NA
Lithuania;IndoorOver100;01/06/20;15/06/20
Lithuania;IndoorOver1000;16/08/20;31/08/20
Lithuania;IndoorOver500;17/06/20;31/07/20
Lithuania;IndoorOver500;30/10/20;06/11/20
Lithuania;MasksMandatoryAllSpaces;10/04/20;29/04/20
Lithuania;MasksMandatoryAllSpaces;07/11/20;24/02/21
Lithuania;MasksMandatoryAllSpacesPartial;30/04/20;16/06/20
Lithuania;MasksMandatoryAllSpacesPartial;21/08/20;06/11/20
Lithuania;MasksMandatoryAllSpacesPartial;25/02/21;NA
Lithuania;MasksMandatoryClosedSpacesPartial;01/08/20;20/08/20
Lithuania;MasksVoluntaryAllSpaces;23/03/20;09/04/20
Lithuania;MasksVoluntaryAllSpaces;16/06/20;06/11/20
Lithuania;MassGather50;12/03/20;03/05/20
Lithuania;MassGather50;07/11/20;05/03/21
Lithuania;MassGather50Partial;04/05/20;16/06/20
Lithuania;MassGather50Partial;06/03/21;NA
Lithuania;MassGatherAll;12/03/20;03/05/20
Lithuania;MassGatherAll;01/07/20;15/08/20
Lithuania;MassGatherAll;14/11/20;05/03/21
Lithuania;MassGatherAllPartial;04/05/20;30/06/20
Lithuania;MassGatherAllPartial;16/08/20;31/08/20
Lithuania;MassGatherAllPartial;30/10/20;13/11/20
Lithuania;MassGatherAllPartial;06/03/21;NA
Lithuania;NonEssentialShops;16/03/20;22/04/20
Lithuania;NonEssentialShops;16/12/20;14/02/21
Lithuania;NonEssentialShopsPartial;23/04/20;15/12/20
Lithuania;NonEssentialShopsPartial;15/02/21;NA
Lithuania;OutdoorOver1000;17/06/20;31/08/20
Lithuania;OutdoorOver50;01/06/20;16/06/20
Lithuania;OutdoorOver500;30/10/20;06/11/20
Lithuania;PlaceOfWorship;16/03/20;26/04/20
Lithuania;PlaceOfWorshipPartial;27/04/20;16/06/20
Lithuania;PlaceOfWorshipPartial;07/11/20;NA
Lithuania;PrivateGatheringRestrictions;07/11/20;15/12/20
Lithuania;PrivateGatheringRestrictionsPartial;19/03/20;08/06/20
Lithuania;PrivateGatheringRestrictionsPartial;26/10/20;06/11/20
Lithuania;RestaurantsCafes;16/03/20;22/04/20
Lithuania;RestaurantsCafes;07/11/20;NA
Lithuania;RestaurantsCafesPartial;23/04/20;06/11/20
Lithuania;SocialCircle;16/12/20;NA
Lithuania;StayHomeGen;16/03/20;16/06/20
Lithuania;StayHomeGen;07/11/20;15/12/20
Lithuania;StayHomeOrder;16/12/20;31/03/21
Lithuania;Teleworking;10/03/20;15/06/20
Lithuania;TeleworkingPartial;16/06/20;NA
Luxembourg;ClosDaycare;16/03/20;24/05/20
Luxembourg;ClosDaycare;28/12/20;10/01/21
Luxembourg;ClosHigh;16/03/20;24/05/20
Luxembourg;ClosHigh;28/12/20;10/01/21
Luxembourg;ClosPrim;16/03/20;24/05/20
Luxembourg;ClosPrim;28/12/20;10/01/21
Luxembourg;ClosPubAnyPartial;16/03/20;NA
Luxembourg;ClosSec;16/03/20;04/05/20
Luxembourg;ClosSec;28/12/20;10/01/21
Luxembourg;ClosSecPartial;05/05/20;26/05/20
Luxembourg;ClosureOfPublicTransportPartial;16/03/20;08/06/20
Luxembourg;EntertainmentVenues;16/03/20;10/05/20
Luxembourg;EntertainmentVenues;26/11/20;10/01/21
Luxembourg;EntertainmentVenuesPartial;11/05/20;25/11/20
Luxembourg;GymsSportsCentres;16/03/20;29/05/20
Luxembourg;GymsSportsCentres;26/11/20;10/01/21
Luxembourg;IndoorOver100;17/03/20;10/05/20
Luxembourg;IndoorOver100;22/09/20;NA
Luxembourg;IndoorOver1000;09/03/20;16/03/20
Luxembourg;IndoorOver50;11/05/20;21/09/20
Luxembourg;MasksMandatoryAllSpaces;18/03/20;19/04/20
Luxembourg;MasksMandatoryAllSpacesPartial;22/06/20;NA
Luxembourg;MasksMandatoryClosedSpaces;20/04/20;NA
Luxembourg;MassGather50Partial;11/05/20;21/09/20
Luxembourg;MassGatherAll;09/03/20;16/03/20
Luxembourg;MassGatherAll;22/09/20;NA
Luxembourg;MassGatherAllPartial;17/03/20;21/09/20
Luxembourg;NonEssentialShops;16/03/20;19/04/20
Luxembourg;NonEssentialShopsPartial;20/04/20;11/05/20
Luxembourg;NonEssentialShopsPartial;28/10/20;NA
Luxembourg;OutdoorOver100;22/09/20;NA
Luxembourg;OutdoorOver50;19/07/20;21/09/20
Luxembourg;OutdoorOver500;17/03/20;18/07/20
Luxembourg;PrivateGatheringRestrictions;16/03/20;11/05/20
Luxembourg;PrivateGatheringRestrictions;19/07/20;NA
Luxembourg;RestaurantsCafes;16/03/20;29/05/20
Luxembourg;RestaurantsCafes;27/11/20;06/04/21
Luxembourg;RestaurantsCafesPartial;30/05/20;26/11/20
Luxembourg;RestaurantsCafesPartial;07/04/21;NA
Luxembourg;StayHomeOrder;18/03/20;19/04/20
Luxembourg;StayHomeOrderPartial;20/04/20;11/05/20
Luxembourg;StayHomeOrderPartial;30/10/20;NA
Luxembourg;StayHomeRiskG;12/03/20;NA
Luxembourg;Teleworking;13/03/20;NA
Malta;BanOnAllEvents;13/03/20;NA
Malta;ClosDaycare;13/03/20;30/06/20
Malta;ClosDaycarePartial;10/03/21;NA
Malta;ClosHigh;13/03/20;30/06/20
Malta;ClosHigh;01/09/20;NA
Malta;ClosPrim;13/03/20;30/06/20
Malta;ClosPrimPartial;10/03/21;NA
Malta;ClosPubAny;18/03/20;21/05/20
Malta;ClosPubAnyPartial;22/05/20;NA
Malta;ClosSec;13/03/20;30/06/20
Malta;ClosSecPartial;10/03/21;NA
Malta;EntertainmentVenues;18/03/20;21/05/20
Malta;EntertainmentVenues;11/03/21;NA
Malta;EntertainmentVenuesPartial;17/08/20;10/03/21
Malta;GymsSportsCentres;18/03/20;02/06/20
Malta;GymsSportsCentres;11/03/21;NA
Malta;GymsSportsCentresPartial;03/06/20;10/03/21
Malta;MasksMandatoryAllSpaces;18/11/20;NA
Malta;MasksMandatoryClosedSpaces;22/05/20;17/10/20
Malta;MassGather50;13/03/20;NA
Malta;MassGatherAll;13/03/20;NA
Malta;NonEssentialShops;23/03/20;21/05/20
Malta;NonEssentialShops;10/03/21;NA
Malta;NonEssentialShopsPartial;22/05/20;09/03/21
Malta;PlaceOfWorshipPartial;20/08/20;NA
Malta;RestaurantsCafes;18/03/20;21/05/20
Malta;RestaurantsCafes;11/03/21;NA
Malta;RestaurantsCafesPartial;22/05/20;10/03/21
Malta;StayHomeRiskG;28/03/20;NA
Malta;Teleworking;08/05/20;NA
Netherlands;AdaptationOfWorkplace;25/03/20;NA
Netherlands;BanOnAllEvents;23/03/20;31/05/20
Netherlands;BanOnAllEvents;04/11/20;NA
Netherlands;BanOnAllEventsPartial;14/10/20;03/11/20
Netherlands;ClosDaycare;16/03/20;10/05/20
Netherlands;ClosDaycare;16/12/20;07/02/21
Netherlands;ClosDaycarePartial;08/06/20;01/07/20
Netherlands;ClosDaycarePartial;08/02/21;NA
Netherlands;ClosHigh;12/03/20;14/06/20
Netherlands;ClosHigh;16/12/20;NA
Netherlands;ClosHighPartial;15/06/20;01/09/20
Netherlands;ClosPrim;16/03/20;10/05/20
Netherlands;ClosPrim;16/12/20;07/02/21
Netherlands;ClosPrimPartial;11/05/20;08/06/20
Netherlands;ClosPubAny;15/12/20;02/03/21
Netherlands;ClosPubAnyPartial;12/03/20;14/12/20
Netherlands;ClosPubAnyPartial;03/03/21;NA
Netherlands;ClosSec;16/03/20;01/06/20
Netherlands;ClosSec;16/12/20;28/02/21
Netherlands;ClosSecPartial;02/06/20;30/06/20
Netherlands;ClosSecPartial;01/03/21;NA
Netherlands;ClosureOfPublicTransportPartial;12/03/20;31/05/20
Netherlands;EntertainmentVenues;12/03/20;31/05/20
Netherlands;EntertainmentVenues;04/11/20;NA
Netherlands;EntertainmentVenuesPartial;01/06/20;03/11/20
Netherlands;GymsSportsCentres;16/03/20;28/04/20
Netherlands;GymsSportsCentres;15/12/20;02/03/21
Netherlands;GymsSportsCentresPartial;29/04/20;30/06/20
Netherlands;GymsSportsCentresPartial;14/10/20;14/12/20
Netherlands;GymsSportsCentresPartial;03/03/21;NA
Netherlands;IndoorOver100;12/03/20;22/03/20
Netherlands;IndoorOver100;01/06/20;28/09/20
Netherlands;IndoorOver50;29/09/20;13/10/20
Netherlands;MasksMandatoryClosedSpaces;01/12/20;NA
Netherlands;MasksMandatoryClosedSpacesPartial;01/06/20;04/10/20
Netherlands;MasksVoluntaryClosedSpacesPartial;05/10/20;30/11/20
Netherlands;MassGather50;23/03/20;31/05/20
Netherlands;MassGather50;29/09/20;13/10/20
Netherlands;MassGather50;04/11/20;NA
Netherlands;MassGather50Partial;14/10/20;03/11/20
Netherlands;MassGatherAll;12/03/20;30/06/20
Netherlands;MassGatherAll;29/09/20;13/10/20
Netherlands;MassGatherAll;04/11/20;NA
Netherlands;MassGatherAllPartial;01/07/20;28/09/20
Netherlands;MassGatherAllPartial;14/10/20;03/11/20
Netherlands;NonEssentialShops;15/12/20;02/03/21
Netherlands;NonEssentialShopsPartial;03/03/21;NA
Netherlands;OutdoorOver100;12/03/20;22/03/20
Netherlands;OutdoorOver50;29/09/20;13/10/20
Netherlands;OutdoorOver500;01/07/20;28/09/20
Netherlands;PlaceOfWorship;16/03/20;31/05/20
Netherlands;PlaceOfWorshipPartial;01/06/20;30/06/20
Netherlands;PrivateGatheringRestrictions;23/03/20;30/06/20
Netherlands;PrivateGatheringRestrictions;18/08/20;NA
Netherlands;RestaurantsCafes;15/03/20;31/05/20
Netherlands;RestaurantsCafes;14/10/20;NA
Netherlands;RestaurantsCafesPartial;01/06/20;30/06/20
Netherlands;RestaurantsCafesPartial;29/09/20;13/10/20
Netherlands;StayHomeGen;18/03/20;10/05/20
Netherlands;StayHomeGen;15/12/20;22/01/21
Netherlands;StayHomeGenPartial;11/05/20;01/06/20
Netherlands;StayHomeGenPartial;04/11/20;14/12/20
Netherlands;StayHomeOrderPartial;23/01/21;NA
Netherlands;StayHomeRiskG;13/03/20;26/06/20
Netherlands;Teleworking;12/03/20;31/05/20
Netherlands;Teleworking;18/08/20;NA
Netherlands;TeleworkingPartial;01/06/20;17/08/20
Netherlands;WorkplaceClosures;23/03/20;10/05/20
Netherlands;WorkplaceClosures;15/12/20;02/03/21
Netherlands;WorkplaceClosuresPartial;03/03/21;NA
Norway;BanOnAllEvents;12/03/20;06/05/20
Norway;ClosDaycare;12/03/20;20/04/20
Norway;ClosHigh;12/03/20;14/06/20
Norway;ClosHigh;04/01/21;18/02/21
Norway;ClosHighPartial;09/11/20;03/01/21
Norway;ClosHighPartial;19/02/21;NA
Norway;ClosPrim;12/03/20;26/04/20
Norway;ClosPubAny;12/03/20;31/05/20
Norway;ClosPubAnyPartial;01/06/20;NA
Norway;ClosSec;12/03/20;11/05/20
Norway;ClosSecPartial;04/01/21;17/01/21
Norway;EntertainmentVenues;12/03/20;31/05/20
Norway;EntertainmentVenues;25/03/21;NA
Norway;EntertainmentVenuesPartial;01/06/20;03/01/21
Norway;GymsSportsCentres;12/03/20;14/05/20
Norway;GymsSportsCentres;03/01/21;17/01/21
Norway;GymsSportsCentres;25/03/21;NA
Norway;GymsSportsCentresPartial;18/01/21;24/03/21
Norway;IndoorOver100;19/02/21;24/03/21
Norway;IndoorOver50;07/05/20;14/06/20
Norway;IndoorOver50;25/03/21;NA
Norway;IndoorOver500;15/06/20;18/02/21
Norway;MasksVoluntaryAllSpacesPartial;14/08/20;NA
Norway;MassGather50;12/03/20;14/06/20
Norway;MassGather50;25/03/21;NA
Norway;MassGatherAll;12/03/20;14/06/20
Norway;MassGatherAll;12/10/20;NA
Norway;MassGatherAllPartial;15/06/20;11/10/20
Norway;OutdoorOver50;07/05/20;14/06/20
Norway;OutdoorOver50;25/03/21;NA
Norway;OutdoorOver500;15/06/20;24/03/21
Norway;PrivateGatheringRestrictions;02/06/20;NA
Norway;RestaurantsCafes;12/03/20;31/05/20
Norway;RestaurantsCafesPartial;01/06/20;NA
Norway;StayHomeGen;09/11/20;03/01/21
Norway;StayHomeRiskG;12/03/20;01/06/20
Norway;Teleworking;10/03/20;NA
Poland;AdaptationOfWorkplace;02/04/20;NA
Poland;BanOnAllEvents;07/11/20;NA
Poland;BanOnAllEventsPartial;17/07/20;06/08/20
Poland;ClosDaycare;12/03/20;06/05/20
Poland;ClosDaycarePartial;27/03/21;NA
Poland;ClosHigh;12/03/20;24/05/20
Poland;ClosHighPartial;25/05/20;31/08/20
Poland;ClosHighPartial;01/10/20;NA
Poland;ClosPrim;12/03/20;24/05/20
Poland;ClosPrim;10/11/20;17/01/21
Poland;ClosPrim;20/03/21;NA
Poland;ClosPrimPartial;25/05/20;30/06/20
Poland;ClosPrimPartial;24/10/20;09/11/20
Poland;ClosPrimPartial;18/01/21;19/03/21
Poland;ClosPubAny;14/03/20;14/03/20
Poland;ClosPubAnyPartial;15/03/20;NA
Poland;ClosSec;12/03/20;24/05/20
Poland;ClosSec;24/10/20;NA
Poland;ClosSecPartial;25/05/20;30/06/20
Poland;ClosSecPartial;01/09/20;23/10/20
Poland;ClosureOfPublicTransportPartial;15/03/20;NA
Poland;EntertainmentVenues;14/03/20;06/06/20
Poland;EntertainmentVenues;24/10/20;31/01/21
Poland;EntertainmentVenues;20/03/21;NA
Poland;EntertainmentVenuesPartial;07/06/20;16/10/20
Poland;EntertainmentVenuesPartial;01/02/21;19/03/21
Poland;GymsSportsCentres;14/03/20;04/06/20
Poland;GymsSportsCentres;17/10/20;14/02/21
Poland;GymsSportsCentres;20/03/21;NA
Poland;GymsSportsCentresPartial;05/06/20;06/08/20
Poland;HotelsOtherAccommodation;14/03/20;04/05/20
Poland;HotelsOtherAccommodation;20/03/21;NA
Poland;HotelsOtherAccommodationPartial;24/10/20;19/03/21
Poland;IndoorOver100;07/08/20;22/10/20
Poland;IndoorOver50;14/03/20;03/05/20
Poland;IndoorOver50;23/10/20;06/11/20
Poland;IndoorOver500;10/03/20;13/03/20
Poland;MasksMandatoryAllSpaces;16/04/20;29/05/20
Poland;MasksMandatoryAllSpaces;10/10/20;NA
Poland;MasksMandatoryClosedSpacesPartial;30/05/20;18/09/20
Poland;MassGather50;14/03/20;29/05/20
Poland;MassGather50;23/10/20;NA
Poland;MassGather50Partial;17/07/20;06/08/20
Poland;MassGatherAll;10/03/20;18/06/20
Poland;MassGatherAll;17/10/20;NA
Poland;MassGatherAllPartial;19/06/20;16/10/20
Poland;NonEssentialShops;14/03/20;17/05/20
Poland;NonEssentialShops;07/11/20;31/01/21
Poland;NonEssentialShops;20/03/21;NA
Poland;NonEssentialShopsPartial;01/02/21;19/03/21
Poland;OutdoorOver100;30/05/20;16/07/20
Poland;OutdoorOver50;14/03/20;29/05/20
Poland;OutdoorOver500;07/08/20;10/10/20
Poland;PlaceOfWorshipPartial;19/04/20;30/05/20
Poland;PlaceOfWorshipPartial;09/08/20;NA
Poland;PrivateGatheringRestrictions;02/04/20;29/05/20
Poland;PrivateGatheringRestrictions;17/10/20;NA
Poland;RestaurantsCafes;14/03/20;17/05/20
Poland;RestaurantsCafes;24/10/20;NA
Poland;RestaurantsCafesPartial;18/05/20;29/05/20
Poland;StayHomeGen;19/04/20;04/05/20
Poland;StayHomeOrder;24/03/20;18/04/20
Poland;StayHomeRiskG;08/03/20;NA
Poland;Teleworking;08/03/20;NA
Portugal;BanOnAllEvents;04/05/20;NA
Portugal;ClosDaycare;16/03/20;17/05/20
Portugal;ClosDaycare;22/01/21;14/03/21
Portugal;ClosDaycarePartial;18/05/20;31/05/20
Portugal;ClosHigh;16/03/20;17/05/20
Portugal;ClosHigh;22/01/21;NA
Portugal;ClosHighPartial;18/05/20;07/09/20
Portugal;ClosPrim;16/03/20;14/09/20
Portugal;ClosPrim;22/01/21;14/03/21
Portugal;ClosPubAny;13/03/20;17/03/20
Portugal;ClosPubAnyPartial;18/03/20;NA
Portugal;ClosSec;16/03/20;17/05/20
Portugal;ClosSec;22/01/21;31/03/21
Portugal;ClosSecPartial;18/05/20;14/09/20
Portugal;ClosSecPartial;01/04/21;NA
Portugal;ClosureOfPublicTransportPartial;18/03/20;NA
Portugal;EntertainmentVenues;13/03/20;17/05/20
Portugal;EntertainmentVenues;15/01/21;NA
Portugal;EntertainmentVenuesPartial;18/05/20;01/06/20
Portugal;EntertainmentVenuesPartial;24/11/20;14/01/21
Portugal;GymsSportsCentres;15/03/20;03/05/20
Portugal;GymsSportsCentres;15/01/21;31/03/21
Portugal;GymsSportsCentresPartial;04/05/20;21/11/20
Portugal;GymsSportsCentresPartial;01/04/21;NA
Portugal;IndoorOver100;15/03/20;03/05/20
Portugal;MasksMandatoryAllSpaces;28/10/20;NA
Portugal;MasksMandatoryClosedSpaces;04/05/20;27/10/20
Portugal;MasksVoluntaryAllSpaces;15/10/20;27/10/20
Portugal;MassGather50;04/05/20;NA
Portugal;MassGatherAll;15/03/20;NA
Portugal;NonEssentialShops;15/03/20;03/05/20
Portugal;NonEssentialShops;15/01/21;31/03/21
Portugal;NonEssentialShopsPartial;04/05/20;23/11/20
Portugal;NonEssentialShopsPartial;01/04/21;NA
Portugal;OutdoorOver100;15/03/20;03/05/20
Portugal;PlaceOfWorship;13/03/20;30/05/20
Portugal;PrivateGatheringRestrictions;03/05/20;NA
Portugal;RegionalStayHomeOrder;02/04/20;03/05/20
Portugal;RestaurantsCafes;15/03/20;31/05/20
Portugal;RestaurantsCafes;15/11/20;31/03/21
Portugal;RestaurantsCafesPartial;01/04/21;NA
Portugal;StayHomeGen;19/03/20;02/05/20
Portugal;StayHomeOrder;15/01/21;NA
Portugal;StayHomeRiskG;18/03/20;02/05/20
Portugal;Teleworking;16/03/20;31/05/20
Portugal;Teleworking;15/01/21;NA
Portugal;TeleworkingPartial;01/06/20;22/10/20
Romania;AdaptationOfWorkplace;16/03/20;NA
Romania;ClosDaycare;16/03/20;14/06/20
Romania;ClosDaycarePartial;15/06/20;14/09/20
Romania;ClosHigh;16/03/20;14/06/20
Romania;ClosHighPartial;31/08/20;NA
Romania;ClosPrim;16/03/20;14/06/20
Romania;ClosPrim;09/11/20;23/12/20
Romania;ClosPrim;11/01/21;07/02/21
Romania;ClosPrimPartial;15/06/20;14/09/20
Romania;ClosPubAny;18/03/20;13/05/20
Romania;ClosPubAnyPartial;14/05/20;NA
Romania;ClosSec;16/03/20;01/06/20
Romania;ClosSec;09/11/20;23/12/20
Romania;ClosSec;11/01/21;07/02/21
Romania;ClosSecPartial;02/06/20;14/09/20
Romania;ClosSecPartial;08/02/21;NA
Romania;EntertainmentVenues;18/03/20;13/05/20
Romania;EntertainmentVenuesPartial;14/05/20;NA
Romania;GymsSportsCentres;18/03/20;30/05/20
Romania;GymsSportsCentresPartial;31/05/20;14/06/20
Romania;GymsSportsCentresPartial;25/03/21;NA
Romania;HotelsOtherAccommodation;18/03/20;15/05/20
Romania;HotelsOtherAccommodationPartial;14/11/20;NA
Romania;IndoorOver50;01/09/20;NA
Romania;MasksMandatoryAllSpaces;01/08/20;NA
Romania;MasksMandatoryClosedSpaces;15/05/20;31/07/20
Romania;MassGather50;01/09/20;NA
Romania;MassGatherAll;18/03/20;18/10/20
Romania;MassGatherAllPartial;19/10/20;NA
Romania;NonEssentialShops;22/03/20;13/05/20
Romania;NonEssentialShopsPartial;14/05/20;14/06/20
Romania;NonEssentialShopsPartial;05/11/20;NA
Romania;OutdoorOver100;01/09/20;NA
Romania;OutdoorOver500;18/03/20;31/08/20
Romania;PlaceOfWorship;18/03/20;14/05/20
Romania;PlaceOfWorshipPartial;15/05/20;NA
Romania;PrivateGatheringRestrictions;22/03/20;NA
Romania;RestaurantsCafes;18/03/20;31/05/20
Romania;RestaurantsCafesPartial;01/06/20;NA
Romania;StayHomeOrderPartial;22/03/20;13/05/20
Romania;StayHomeOrderPartial;14/11/20;NA
Romania;StayHomeRiskG;25/03/20;14/05/20
Romania;Teleworking;16/03/20;NA
Slovakia;BanOnAllEvents;10/03/20;03/06/20
Slovakia;BanOnAllEventsPartial;02/11/20;14/11/20
Slovakia;BanOnAllEventsPartial;30/12/20;NA
Slovakia;ClosDaycare;16/03/20;31/05/20
Slovakia;ClosDaycarePartial;01/06/20;30/06/20
Slovakia;ClosHigh;16/03/20;09/06/20
Slovakia;ClosHighPartial;10/06/20;NA
Slovakia;ClosPrim;30/03/20;31/05/20
Slovakia;ClosPrimPartial;01/06/20;30/06/20
Slovakia;ClosPrimPartial;12/10/20;11/04/21
Slovakia;ClosPubAnyPartial;12/03/20;20/05/20
Slovakia;ClosPubAnyPartial;01/10/20;NA
Slovakia;ClosSec;16/03/20;31/05/20
Slovakia;ClosSec;12/10/20;15/11/20
Slovakia;ClosSecPartial;01/06/20;30/06/20
Slovakia;ClosSecPartial;16/11/20;NA
Slovakia;EntertainmentVenues;16/03/20;20/05/20
Slovakia;EntertainmentVenues;15/10/20;15/11/20
Slovakia;EntertainmentVenues;19/12/20;NA
Slovakia;EntertainmentVenuesPartial;16/11/20;18/12/20
Slovakia;GymsSportsCentres;16/03/20;20/05/20
Slovakia;GymsSportsCentres;15/10/20;15/11/20
Slovakia;GymsSportsCentres;19/12/20;NA
Slovakia;GymsSportsCentresPartial;16/11/20;18/12/20
Slovakia;HotelsOtherAccommodation;01/01/21;10/01/21
Slovakia;HotelsOtherAccommodationPartial;12/03/20;20/05/20
Slovakia;HotelsOtherAccommodationPartial;14/12/20;31/12/20
Slovakia;HotelsOtherAccommodationPartial;11/01/21;NA
Slovakia;IndoorOver100;04/06/20;14/06/20
Slovakia;IndoorOver1000;15/06/20;31/08/20
Slovakia;IndoorOver500;01/09/20;30/09/20
Slovakia;MasksMandatoryAllSpaces;25/03/20;09/06/20
Slovakia;MasksMandatoryAllSpaces;01/10/20;NA
Slovakia;MasksMandatoryClosedSpaces;10/06/20;30/09/20
Slovakia;MassGather50;10/03/20;03/06/20
Slovakia;MassGather50Partial;02/11/20;14/11/20
Slovakia;MassGather50Partial;30/12/20;NA
Slovakia;MassGatherAll;10/03/20;30/09/20
Slovakia;MassGatherAllPartial;02/11/20;14/11/20
Slovakia;MassGatherAllPartial;30/12/20;NA
Slovakia;NonEssentialShops;16/03/20;21/04/20
Slovakia;NonEssentialShopsPartial;22/04/20;20/05/20
Slovakia;NonEssentialShopsPartial;01/10/20;NA
Slovakia;OutdoorOver100;04/06/20;14/06/20
Slovakia;OutdoorOver1000;15/06/20;30/09/20
Slovakia;PlaceOfWorshipPartial;01/01/21;NA
Slovakia;PrivateGatheringRestrictions;01/10/20;NA
Slovakia;RestaurantsCafes;01/01/21;NA
Slovakia;RestaurantsCafesPartial;12/03/20;20/05/20
Slovakia;RestaurantsCafesPartial;01/10/20;31/12/20
Slovakia;StayHomeOrder;30/12/20;28/02/21
Slovakia;StayHomeOrderPartial;02/11/20;14/11/20
Slovakia;StayHomeOrderPartial;01/03/21;NA
Slovakia;Teleworking;02/11/20;NA
Slovenia;BanOnAllEvents;17/10/20;NA
Slovenia;ClosDaycare;12/03/20;17/05/20
Slovenia;ClosDaycare;24/10/20;25/01/21
Slovenia;ClosDaycare;01/04/21;11/04/21
Slovenia;ClosHigh;12/03/20;17/05/20
Slovenia;ClosHigh;24/10/20;25/01/21
Slovenia;ClosHigh;01/04/21;11/04/21
Slovenia;ClosPrim;12/03/20;03/06/20
Slovenia;ClosPrim;24/10/20;25/01/21
Slovenia;ClosPrim;01/04/21;11/04/21
Slovenia;ClosPrimPartial;02/02/21;14/02/21
Slovenia;ClosPubAny;14/03/20;28/04/20
Slovenia;ClosPubAnyPartial;29/04/20;NA
Slovenia;ClosSec;12/03/20;17/05/20
Slovenia;ClosSec;19/10/20;14/02/21
Slovenia;ClosSec;01/04/21;11/04/21
Slovenia;ClosSecPartial;18/05/20;24/06/20
Slovenia;ClosSecPartial;15/02/21;07/03/21
Slovenia;ClosureOfPublicTransport;14/03/20;30/04/20
Slovenia;ClosureOfPublicTransport;16/11/20;15/12/20
Slovenia;EntertainmentVenues;15/03/20;28/04/20
Slovenia;EntertainmentVenuesPartial;29/04/20;NA
Slovenia;GymsSportsCentres;15/03/20;17/05/20
Slovenia;GymsSportsCentresPartial;18/05/20;01/06/20
Slovenia;IndoorOver100;10/03/20;31/05/20
Slovenia;IndoorOver50;15/06/20;08/07/20
Slovenia;IndoorOver500;07/03/20;09/03/20
Slovenia;MasksMandatoryAllSpaces;30/03/20;01/06/20
Slovenia;MasksMandatoryAllSpacesPartial;19/09/20;NA
Slovenia;MasksMandatoryClosedSpaces;25/06/20;NA
Slovenia;MassGather50;18/05/20;31/05/20
Slovenia;MassGather50;15/06/20;08/07/20
Slovenia;MassGather50;17/10/20;NA
Slovenia;MassGatherAll;07/03/20;08/07/20
Slovenia;MassGatherAll;17/10/20;NA
Slovenia;NonEssentialShops;15/03/20;20/04/20
Slovenia;NonEssentialShops;24/10/20;14/12/20
Slovenia;NonEssentialShopsPartial;15/12/20;NA
Slovenia;OutdoorOver50;18/05/20;31/05/20
Slovenia;OutdoorOver500;10/03/20;18/03/20
Slovenia;OutdoorOver500;01/06/20;14/06/20
Slovenia;PlaceOfWorship;01/04/21;11/04/21
Slovenia;PrivateGatheringRestrictions;19/03/20;17/05/20
Slovenia;PrivateGatheringRestrictions;20/10/20;NA
Slovenia;RestaurantsCafes;15/03/20;03/05/20
Slovenia;RestaurantsCafesPartial;04/05/20;18/05/20
Slovenia;StayHomeOrder;19/03/20;04/05/20
Slovenia;StayHomeOrderPartial;20/10/20;NA
Slovenia;Teleworking;04/03/20;NA
Slovenia;WorkplaceClosures;15/03/20;04/05/20
Spain;AdaptationOfWorkplace;11/04/20;NA
Spain;BanOnAllEvents;14/03/20;01/06/20
Spain;BanOnAllEvents;25/10/20;NA
Spain;BanOnAllEventsPartial;01/10/20;24/10/20
Spain;ClosDaycare;12/03/20;27/08/20
Spain;ClosHigh;12/03/20;27/08/20
Spain;ClosPrim;12/03/20;27/08/20
Spain;ClosPubAny;14/03/20;03/05/20
Spain;ClosPubAny;01/10/20;24/10/20
Spain;ClosPubAnyPartial;04/05/20;30/09/20
Spain;ClosPubAnyPartial;25/10/20;NA
Spain;ClosSec;12/03/20;27/08/20
Spain;EntertainmentVenues;14/03/20;10/05/20
Spain;EntertainmentVenues;14/08/20;NA
Spain;EntertainmentVenuesPartial;11/05/20;20/06/20
Spain;GymsSportsCentres;14/03/20;20/06/20
Spain;HotelsOtherAccommodation;14/03/20;31/05/20
Spain;HotelsOtherAccommodationPartial;01/06/20;20/06/20
Spain;IndoorOver100;02/06/20;21/06/20
Spain;MasksMandatoryAllSpaces;30/03/21;NA
Spain;MasksMandatoryAllSpacesPartial;21/05/20;03/08/20
Spain;MasksMandatoryClosedSpaces;04/05/20;21/05/20
Spain;MasksMandatoryClosedSpaces;04/08/20;29/03/21
Spain;MasksVoluntaryClosedSpaces;13/03/20;03/05/20
Spain;MassGather50;14/03/20;01/06/20
Spain;MassGather50;25/10/20;NA
Spain;MassGather50Partial;01/10/20;24/10/20
Spain;MassGatherAll;14/03/20;21/06/20
Spain;MassGatherAll;25/10/20;NA
Spain;MassGatherAllPartial;01/10/20;24/10/20
Spain;OutdoorOver1000;02/06/20;21/06/20
Spain;PlaceOfWorshipPartial;25/10/20;NA
Spain;PrivateGatheringRestrictions;25/10/20;NA
Spain;RestaurantsCafes;14/03/20;03/05/20
Spain;RestaurantsCafesPartial;04/05/20;30/09/20
Spain;SocialCircle;27/08/20;NA
Spain;StayHomeGen;09/03/20;13/03/20
Spain;StayHomeOrder;14/03/20;03/05/20
Spain;StayHomeOrderPartial;04/05/20;11/05/20
Spain;StayHomeOrderPartial;25/10/20;NA
Spain;StayHomeRiskG;12/03/20;NA
Spain;Teleworking;09/03/20;12/04/20
Spain;TeleworkingPartial;13/04/20;NA
Sweden;AdaptationOfWorkplace;08/07/20;NA
Sweden;AdaptationOfWorkplacePartial;25/03/20;07/07/20
Sweden;BanOnAllEvents;14/06/20;NA
Sweden;ClosHigh;18/03/20;15/06/20
Sweden;ClosPubAnyPartial;01/07/20;NA
Sweden;ClosSec;18/03/20;15/06/20
Sweden;ClosSec;07/12/20;01/04/21
Sweden;ClosSecPartial;23/11/20;06/12/20
Sweden;EntertainmentVenuesPartial;25/03/21;NA
Sweden;GymsSportsCentresPartial;06/03/21;NA
Sweden;IndoorOver50;28/03/20;13/06/20
Sweden;IndoorOver500;12/03/20;27/03/20
Sweden;MasksVoluntaryClosedSpacesPartial;07/01/21;NA
Sweden;MassGather50;28/03/20;NA
Sweden;MassGatherAll;12/03/20;NA
Sweden;NonEssentialShopsPartial;09/03/21;NA
Sweden;OutdoorOver50;29/03/20;13/06/20
Sweden;PrivateGatheringRestrictions;30/11/20;NA
Sweden;RestaurantsCafesPartial;01/07/20;NA
Sweden;StayHomeRiskG;01/04/20;22/10/20
Sweden;Teleworking;16/03/20;NA
Switzerland;AdaptationOfWorkplace;18/01/21;NA
Switzerland;BanOnAllEvents;20/03/20;05/06/20
Switzerland;BanOnAllEvents;18/01/21;NA
Switzerland;ClosHigh;16/03/20;11/05/20
Switzerland;ClosHigh;02/11/20;NA
Switzerland;ClosPrim;16/03/20;11/05/20
Switzerland;ClosPubAny;16/03/20;10/05/20
Switzerland;ClosPubAny;18/01/21;28/02/21
Switzerland;ClosPubAnyPartial;11/05/20;06/06/20
Switzerland;ClosPubAnyPartial;29/10/20;17/01/21
Switzerland;ClosPubAnyPartial;01/03/21;NA
Switzerland;ClosSec;16/03/20;11/05/20
Switzerland;EntertainmentVenues;22/12/20;28/02/21
Switzerland;EntertainmentVenuesPartial;29/10/20;21/12/20
Switzerland;EntertainmentVenuesPartial;01/03/21;NA
Switzerland;GymsSportsCentres;16/03/20;10/05/20
Switzerland;GymsSportsCentres;22/12/20;NA
Switzerland;GymsSportsCentresPartial;11/05/20;06/06/20
Switzerland;IndoorOver100;13/03/20;19/03/20
Switzerland;IndoorOver100;06/06/20;22/06/20
Switzerland;IndoorOver1000;02/03/20;12/03/20
Switzerland;IndoorOver1000;23/06/20;01/10/20
Switzerland;IndoorOver50;29/10/20;17/01/21
Switzerland;MasksMandatoryAllSpaces;06/07/20;NA
Switzerland;MasksVoluntaryClosedSpaces;16/03/20;05/07/20
Switzerland;MassGather50;20/03/20;05/06/20
Switzerland;MassGather50;29/10/20;NA
Switzerland;MassGatherAll;28/02/20;01/10/20
Switzerland;MassGatherAll;29/10/20;NA
Switzerland;NonEssentialShops;20/03/20;11/05/20
Switzerland;NonEssentialShops;18/01/21;01/03/21
Switzerland;NonEssentialShopsPartial;11/12/20;17/01/21
Switzerland;OutdoorOver100;13/03/20;19/03/20
Switzerland;OutdoorOver100;06/06/20;22/06/20
Switzerland;OutdoorOver1000;28/02/20;12/03/20
Switzerland;OutdoorOver1000;07/07/20;01/10/20
Switzerland;OutdoorOver500;23/06/20;06/07/20
Switzerland;PrivateGatheringRestrictions;20/03/20;05/06/20
Switzerland;PrivateGatheringRestrictions;19/10/20;NA
Switzerland;RestaurantsCafes;16/03/20;06/06/20
Switzerland;RestaurantsCafes;22/12/20;NA
Switzerland;RestaurantsCafesPartial;29/10/20;21/12/20
Switzerland;StayHomeGen;22/12/20;22/01/21
Switzerland;StayHomeRiskG;16/03/20;NA
Switzerland;Teleworking;16/03/20;17/01/21
Switzerland;TeleworkingPartial;18/01/21;NA
United Kingdom;BanOnAllEvents;14/09/20;01/12/20
United Kingdom;ClosDaycare;23/03/20;31/05/20
United Kingdom;ClosDaycarePartial;01/06/20;01/09/20
United Kingdom;ClosPrim;23/03/20;31/05/20
United Kingdom;ClosPrimPartial;01/06/20;01/09/20
United Kingdom;ClosPubAny;16/03/20;09/05/20
United Kingdom;ClosPubAnyPartial;10/05/20;07/08/20
United Kingdom;ClosPubAnyPartial;24/09/20;01/12/20
United Kingdom;ClosSec;23/03/20;14/06/20
United Kingdom;ClosSecPartial;15/06/20;01/09/20
United Kingdom;EntertainmentVenues;16/03/20;02/07/20
United Kingdom;EntertainmentVenues;05/11/20;01/12/20
United Kingdom;EntertainmentVenuesPartial;03/07/20;07/08/20
United Kingdom;GymsSportsCentres;20/03/20;12/05/20
United Kingdom;GymsSportsCentres;05/11/20;01/12/20
United Kingdom;GymsSportsCentresPartial;13/05/20;09/07/20
United Kingdom;HotelsOtherAccommodation;24/03/20;02/07/20
United Kingdom;HotelsOtherAccommodationPartial;05/11/20;01/12/20
United Kingdom;IndoorOver50;04/07/20;13/09/20
United Kingdom;MasksMandatoryClosedSpaces;27/07/20;NA
United Kingdom;MasksVoluntaryClosedSpaces;09/06/20;26/07/20
United Kingdom;MassGather50;28/05/20;01/12/20
United Kingdom;MassGatherAll;28/05/20;01/12/20
United Kingdom;NonEssentialShops;23/03/20;09/05/20
United Kingdom;NonEssentialShops;05/11/20;01/12/20
United Kingdom;NonEssentialShopsPartial;10/05/20;12/06/20
United Kingdom;OutdoorOver50;28/05/20;13/09/20
United Kingdom;PlaceOfWorship;24/03/20;18/05/20
United Kingdom;PrivateGatheringRestrictions;24/03/20;03/07/20
United Kingdom;PrivateGatheringRestrictions;09/09/20;01/12/20
United Kingdom;RegionalStayHomeOrder;23/10/20;08/11/20
United Kingdom;RegionalStayHomeOrder;20/12/20;11/04/21
United Kingdom;RestaurantsCafes;16/03/20;02/07/20
United Kingdom;RestaurantsCafes;05/11/20;01/12/20
United Kingdom;RestaurantsCafesPartial;24/09/20;04/11/20
United Kingdom;SocialCircle;09/09/20;01/12/20
United Kingdom;StayHomeGen;16/03/20;23/03/20
United Kingdom;StayHomeOrder;24/03/20;09/05/20
United Kingdom;StayHomeOrder;05/11/20;01/12/20
United Kingdom;StayHomeOrderPartial;10/05/20;04/07/20
United Kingdom;StayHomeRiskG;16/03/20;05/07/20
United Kingdom;StayHomeRiskG;05/11/20;01/12/20
United Kingdom;StayHomeRiskGPartial;06/07/20;01/08/20
United Kingdom;Teleworking;16/03/20;09/05/20
